"","matrix...nrow...iter.","sub","iter","rho_perc_estR3P1","ll_perc_estR3P1","AIC_perc_estR3P1","AICc_perc_estR3P1","BIC_perc_estR3P1","rho_perc_estR2P2","ll_perc_estR2P2","AIC_perc_estR2P2","AICc_perc_estR2P2","BIC_perc_estR2P2","rho_perc_estR1P1","ll_perc_estR1P1","AIC_perc_estR1P1","AICc_perc_estR1P1","BIC_perc_estR1P1","rho_perc_estR3P2","ll_perc_estR3P2","AIC_perc_estR3P2","AICc_perc_estR3P2","BIC_perc_estR3P2","rho_perc_estR2P1","ll_perc_estR2P1","AIC_perc_estR2P1","AICc_perc_estR2P1","BIC_perc_estR2P1","rho_perc_estR1P2","ll_perc_estR1P2","AIC_perc_estR1P2","AICc_perc_estR1P2","BIC_perc_estR1P2","rho_full_alt_offset_genR3P1","omega_full_alt_offset_genR3P1","lambda_full_alt_offset_genR3P1","offset_full_alt_offset_genR3P1","ll_full_alt_offset_genR3P1","AIC_full_alt_offset_genR3P1","AICc_full_alt_offset_genR3P1","BIC_full_alt_offset_genR3P1","rho_full_alt_offset_genR2P2","omega_full_alt_offset_genR2P2","lambda_full_alt_offset_genR2P2","offset_full_alt_offset_genR2P2","ll_full_alt_offset_genR2P2","AIC_full_alt_offset_genR2P2","AICc_full_alt_offset_genR2P2","BIC_full_alt_offset_genR2P2","rho_full_alt_offset_genR1P1","omega_full_alt_offset_genR1P1","lambda_full_alt_offset_genR1P1","offset_full_alt_offset_genR1P1","ll_full_alt_offset_genR1P1","AIC_full_alt_offset_genR1P1","AICc_full_alt_offset_genR1P1","BIC_full_alt_offset_genR1P1","rho_full_alt_offset_genR3P2","omega_full_alt_offset_genR3P2","lambda_full_alt_offset_genR3P2","offset_full_alt_offset_genR3P2","ll_full_alt_offset_genR3P2","AIC_full_alt_offset_genR3P2","AICc_full_alt_offset_genR3P2","BIC_full_alt_offset_genR3P2","rho_full_alt_offset_genR2P1","omega_full_alt_offset_genR2P1","lambda_full_alt_offset_genR2P1","offset_full_alt_offset_genR2P1","ll_full_alt_offset_genR2P1","AIC_full_alt_offset_genR2P1","AICc_full_alt_offset_genR2P1","BIC_full_alt_offset_genR2P1","rho_full_alt_offset_genR1P2","omega_full_alt_offset_genR1P2","lambda_full_alt_offset_genR1P2","offset_full_alt_offset_genR1P2","ll_full_alt_offset_genR1P2","AIC_full_alt_offset_genR1P2","AICc_full_alt_offset_genR1P2","BIC_full_alt_offset_genR1P2","offset_value_alt_offsetR3P1","omega_value_alt_offsetR3P1","lambda_value_alt_offsetR3P1","ll_value_alt_offsetR3P1","AIC_value_alt_offsetR3P1","AICc_value_alt_offsetR3P1","BIC_value_alt_offsetR3P1","offset_value_alt_offsetR2P2","omega_value_alt_offsetR2P2","lambda_value_alt_offsetR2P2","ll_value_alt_offsetR2P2","AIC_value_alt_offsetR2P2","AICc_value_alt_offsetR2P2","BIC_value_alt_offsetR2P2","offset_value_alt_offsetR1P1","omega_value_alt_offsetR1P1","lambda_value_alt_offsetR1P1","ll_value_alt_offsetR1P1","AIC_value_alt_offsetR1P1","AICc_value_alt_offsetR1P1","BIC_value_alt_offsetR1P1","offset_value_alt_offsetR3P2","omega_value_alt_offsetR3P2","lambda_value_alt_offsetR3P2","ll_value_alt_offsetR3P2","AIC_value_alt_offsetR3P2","AICc_value_alt_offsetR3P2","BIC_value_alt_offsetR3P2","offset_value_alt_offsetR2P1","omega_value_alt_offsetR2P1","lambda_value_alt_offsetR2P1","ll_value_alt_offsetR2P1","AIC_value_alt_offsetR2P1","AICc_value_alt_offsetR2P1","BIC_value_alt_offsetR2P1","offset_value_alt_offsetR1P2","omega_value_alt_offsetR1P2","lambda_value_alt_offsetR1P2","ll_value_alt_offsetR1P2","AIC_value_alt_offsetR1P2","AICc_value_alt_offsetR1P2","BIC_value_alt_offsetR1P2","vsd_ns2R3P1","basesd_ns2R3P1","ll_ns2R3P1","AIC_ns2R3P1","AICc_ns2R3P1","BIC_ns2R3P1","vsd_ns2R2P2","basesd_ns2R2P2","ll_ns2R2P2","AIC_ns2R2P2","AICc_ns2R2P2","BIC_ns2R2P2","vsd_ns2R1P1","basesd_ns2R1P1","ll_ns2R1P1","AIC_ns2R1P1","AICc_ns2R1P1","BIC_ns2R1P1","vsd_ns2R3P2","basesd_ns2R3P2","ll_ns2R3P2","AIC_ns2R3P2","AICc_ns2R3P2","BIC_ns2R3P2","vsd_ns2R2P1","basesd_ns2R2P1","ll_ns2R2P1","AIC_ns2R2P1","AICc_ns2R2P1","BIC_ns2R2P1","vsd_ns2R1P2","basesd_ns2R1P2","ll_ns2R1P2","AIC_ns2R1P2","AICc_ns2R1P2","BIC_ns2R1P2"
"1",NA,"4tcxev3874jk89a",1,0.83272367017223,257.329658568882,516.659317137764,516.776964196588,518.24283607622,0.61522633744856,195.282545050581,392.565090101162,392.682737159985,394.148609039618,0.923817507493776,158.590591422396,319.181182844791,319.298829903615,320.764701783247,0.867626886145405,213.386204407104,428.772408814208,428.890055873032,430.355927752664,0.711248285322359,197.154738798955,396.30947759791,396.427124656733,397.892996536366,0.847355586038714,193.874962228885,389.74992445777,389.867571516594,391.333443396227,0.0927450083828685,0.277472946197226,0.557079713458315,0.295378038201795,128.230989589789,264.461979179577,265.752301760222,270.796054933401,0.0555555555555556,0.290123456790123,2.77777777777778,-0.00277735440058258,128.978657849207,265.957315698415,267.24763827906,272.291391452239,0.203703703703704,0.203703703703704,0.555555555555556,0.222222222222222,120.506481730596,249.012963461192,250.303286041837,255.347039215016,0.833333333333333,0.722222222222222,3.88888888888889,-0.222222222222222,135.535490662585,279.070981325171,280.361303905816,285.405057078995,0.104938271604938,0.00617283950617287,2.16049382716049,-0.0987541420402265,123.120662100849,254.241324201697,255.531646782342,260.575399955522,0.16666666666671,0.0555555555555556,2.65432098765432,0,123.554875893162,255.109751786324,256.400074366969,261.443827540148,0.293333343382717,0.166666666666667,0.511268246034595,128.195536976052,262.391073952105,263.141073952105,267.141630767473,-0.00583333457444812,0.166666666666667,2.96296296296362,128.063595779902,262.127191559805,262.877191559805,266.877748375173,0.222777778797342,0.166666666666667,1.12424308307556,120.251108979484,246.502217958969,247.252217958969,251.252774774337,-0.349166664176641,0.166666666666667,9.9999999999998,130.235209845441,266.470419690883,267.220419690883,271.220976506251,-0.117777777106672,0.166666666666667,2.17145946070785,122.592692173558,251.185384347116,251.935384347116,255.935941162484,-0.00555555083774151,0.166666666666667,2.63480041353628,122.859690016241,251.719380032481,252.469380032481,256.46993684785,20,0.475737879857176,156.417091827276,316.834183654553,317.197820018189,320.001221531465,19.9999999999999,2.29205319519956,128.968921011288,261.937842022576,262.301478386213,265.104879899489,20,0.472310014805453,139.920359999626,283.840719999252,284.204356362888,287.007757876164,0.125781130925164,2.89302971364016,153.141051516196,310.282103032392,310.645739396028,313.449140909304,8.55158554915672,0.645901769952883,126.229202385336,256.458404770672,256.822041134308,259.625442647584,19.9999999999997,2.09375041106949,123.847378416154,251.694756832307,252.058393195944,254.86179470922
"2",NA,"4tcxev3874jk89a",2,0.967764060261054,250.281771803881,502.563543607762,502.681190666586,504.147062546218,0.717192501143118,204.175133588716,410.350267177432,410.467914236255,411.933786115888,0.825255296448712,159.534803871126,321.069607742252,321.187254801076,322.653126680708,0.878601450270742,208.946149229102,419.892298458204,420.009945517028,421.47581739666,0.694482548392013,195.356229019234,392.712458038467,392.830105097291,394.295976976924,0.775720164609053,213.878296074389,429.756592148778,429.874239207602,431.340111087234,0.0308641975308642,0.12962962962963,0.555555555555556,0.296296296296306,128.209240945285,264.418481890569,265.708804471214,270.752557644394,0.166666666666667,0.0555555555661777,2.77777777777778,-0.00823045267489708,128.035589392154,264.071178784308,265.361501364953,270.405254538133,0.421810699588477,0.165294924554184,0.500685871056242,0.224965706447188,121.770073499066,251.540146998133,252.830469578778,257.874222751957,0.648148148148148,0.833333333333333,5.00457247370828,-0.296296296296296,133.081596008435,274.16319201687,275.453514597515,280.497267770694,0.203703703703704,0.314814814814815,2.03703703703704,-0.0740728194319303,125.387651438825,258.77530287765,260.065625458295,265.109378631475,0.0925925925925926,0.240740740740741,2.77777777777778,0,123.423329048476,254.846658096953,256.136980677598,261.180733850777,0.293333343382717,0.166666666666667,0.511268246034595,128.195536976052,262.391073952105,263.141073952105,267.141630767473,-0.00583333457444812,0.166666666666667,2.96296296296362,128.063595779902,262.127191559805,262.877191559805,266.877748375173,0.222777778797342,0.166666666666667,1.12424308307556,120.251108979484,246.502217958969,247.252217958969,251.252774774337,-0.349166664176641,0.166666666666667,9.9999999999998,130.235209845441,266.470419690883,267.220419690883,271.220976506251,-0.117777777106672,0.166666666666667,2.17145946070785,122.592692173558,251.185384347116,251.935384347116,255.935941162484,-0.00555555083774151,0.166666666666667,2.63480041353628,122.859690016241,251.719380032481,252.469380032481,256.46993684785,20,0.475737879857176,156.417091827276,316.834183654553,317.197820018189,320.001221531465,19.9999999999999,2.29205319519956,128.968921011288,261.937842022576,262.301478386213,265.104879899489,20,0.472310014805453,139.920359999626,283.840719999252,284.204356362888,287.007757876164,0.125781130925164,2.89302971364016,153.141051516196,310.282103032392,310.645739396028,313.449140909304,8.55158554915672,0.645901769952883,126.229202385336,256.458404770672,256.822041134308,259.625442647584,19.9999999999997,2.09375041106949,123.847378416154,251.694756832307,252.058393195944,254.86179470922
"3",NA,"4tcxev3874jk89a",3,0.936213991769547,247.196842018182,496.393684036363,496.511331095187,497.977202974819,0.983310470964792,182.19343979597,366.38687959194,366.504526650764,367.970398530397,0.961362597165081,159.665945253366,321.331890506731,321.449537565555,322.915409445187,0.965020576131687,217.628922339038,437.257844678077,437.3754917369,438.841363616533,0.943072702331962,196.075628487471,394.151256974943,394.268904033766,395.734775913399,0.896433470507545,214.647657161401,431.295314322801,431.412961381625,432.878833261257,0.0555555555555556,0.0939643347050755,0.555554858638362,0.296296296296296,128.039670430345,264.07934086069,265.369663441335,270.413416614514,0.0308641975308642,0.199588407674536,3.39506172839506,-0.00833206320174762,128.35376356717,264.70752713434,265.997849714985,271.041602888164,0.203703703703704,0.265432098765432,0.555555555555556,0.222222222222222,120.708660495301,249.417320990602,250.707643571247,255.751396744426,0.944444444444444,0.944444444444444,5,-0.222222222222222,131.435351932872,270.870703865744,272.161026446389,277.204779619568,0.0802469135802469,0.166666666666667,2.28395061728395,-0.147233648244143,124.461456714679,256.922913429359,258.213236010004,263.256989183183,0.0674439871970736,0.154320987654321,2.65432098765432,-0.00823045267489708,122.694605269382,253.389210538764,254.67953311941,259.723286292589,0.293333343382717,0.166666666666667,0.511268246034595,128.195536976052,262.391073952105,263.141073952105,267.141630767473,-0.00583333457444812,0.166666666666667,2.96296296296362,128.063595779902,262.127191559805,262.877191559805,266.877748375173,0.222777778797342,0.166666666666667,1.12424308307556,120.251108979484,246.502217958969,247.252217958969,251.252774774337,-0.349166664176641,0.166666666666667,9.9999999999998,130.235209845441,266.470419690883,267.220419690883,271.220976506251,-0.117777777106672,0.166666666666667,2.17145946070785,122.592692173558,251.185384347116,251.935384347116,255.935941162484,-0.00555555083774151,0.166666666666667,2.63480041353628,122.859690016241,251.719380032481,252.469380032481,256.46993684785,20,0.475737879857176,156.417091827276,316.834183654553,317.197820018189,320.001221531465,19.9999999999999,2.29205319519956,128.968921011288,261.937842022576,262.301478386213,265.104879899489,20,0.472310014805453,139.920359999626,283.840719999252,284.204356362888,287.007757876164,0.125781130925164,2.89302971364016,153.141051516196,310.282103032392,310.645739396028,313.449140909304,8.55158554915672,0.645901769952883,126.229202385336,256.458404770672,256.822041134308,259.625442647584,19.9999999999997,2.09375041106949,123.847378416154,251.694756832307,252.058393195944,254.86179470922
"4",NA,"4tcxev3874jk89a",4,0.991693339429965,257.37711917253,516.75423834506,516.871885403883,518.337757283516,0.993827160493827,193.783785697833,389.567571395665,389.685218454489,391.151090334121,0.944444444348845,156.91199004003,315.82398008006,315.941627138884,317.407499018516,0.741426611796982,227.101030196963,456.202060393925,456.319707452749,457.785579332381,0.992455418381344,202.909940918293,407.819881836586,407.93752889541,409.403400775043,0.996570644718793,207.393696901614,416.787393803227,416.905040862051,418.370912741683,0.0555555529743808,0.240740740740741,0.555555555555556,0.296296296296296,128.210179972139,264.420359944278,265.710682524923,270.754435698102,0.253086419753086,0.277777777777778,2.77777777777778,0,129.44620679547,266.892413590941,268.182736171586,273.226489344765,0.351851851851852,0.165294994245903,0.925925925925926,0.222222222222222,120.837033702069,249.674067404138,250.964389984784,256.008143157963,0.907407407407407,0.5,5,-0.222222222222222,133.103218436926,274.206436873852,275.496759454498,280.540512627677,0.141975308641975,0.100772240004064,1.91358024691358,-0.0987654320987654,122.99633131861,253.99266263722,255.282985217865,260.326738391045,0.12962962962963,0.277777777777778,2.77777777777778,0,124.092587802682,256.185175605364,257.47549818601,262.519251359189,0.293333343382717,0.166666666666667,0.511268246034595,128.195536976052,262.391073952105,263.141073952105,267.141630767473,-0.00583333457444812,0.166666666666667,2.96296296296362,128.063595779902,262.127191559805,262.877191559805,266.877748375173,0.222777778797342,0.166666666666667,1.12424308307556,120.251108979484,246.502217958969,247.252217958969,251.252774774337,-0.349166664176641,0.166666666666667,9.9999999999998,130.235209845441,266.470419690883,267.220419690883,271.220976506251,-0.117777777106672,0.166666666666667,2.17145946070785,122.592692173558,251.185384347116,251.935384347116,255.935941162484,-0.00555555083774151,0.166666666666667,2.63480041353628,122.859690016241,251.719380032481,252.469380032481,256.46993684785,20,0.475737879857176,156.417091827276,316.834183654553,317.197820018189,320.001221531465,19.9999999999999,2.29205319519956,128.968921011288,261.937842022576,262.301478386213,265.104879899489,20,0.472310014805453,139.920359999626,283.840719999252,284.204356362888,287.007757876164,0.125781130925164,2.89302971364016,153.141051516196,310.282103032392,310.645739396028,313.449140909304,8.55158554915672,0.645901769952883,126.229202385336,256.458404770672,256.822041134308,259.625442647584,19.9999999999997,2.09375041106949,123.847378416154,251.694756832307,252.058393195944,254.86179470922
"5",NA,"4tcxev3874jk89a",5,0.659579332418839,261.672297331281,525.344594662562,525.462241721385,526.928113601018,0.870370370380992,194.683043896328,391.366087792655,391.483734851479,392.949606731111,0.770538027739674,159.08018306775,320.160366135499,320.278013194323,321.743885073955,0.985749123609206,207.959470629025,417.91894125805,418.036588316873,419.502460196506,0.958619112940101,197.754236459384,397.508472918769,397.626119977592,399.091991857225,0.834705075445816,209.48196091222,420.96392182444,421.081568883263,422.547440762896,0.0308641975308642,0.27732053040695,0.541838134430727,0.296296296296296,128.204139287577,264.408278575154,265.698601155799,270.742354328978,0.166666666666667,0.0555555555555556,3.10699588477366,0,128.287066331407,264.574132662814,265.864455243459,270.908208416639,0.310699588477366,0.170781893004115,0.720164609053498,0.222222222222222,120.436326366302,248.872652732603,250.162975313249,255.206728486428,0.623456790123457,0.709876543209876,5.9871462683534,-0.296296296296296,131.253624790875,270.507249581749,271.797572162394,276.841325335574,0.166666666666667,0.0555555555555556,2.40740740740741,-0.148148148148148,123.533021856034,255.066043712068,256.356366292713,261.400119465892,0.129629630490021,0.0802469135802469,2.77777777777778,0,122.94466710326,253.88933420652,255.179656787165,260.223409960344,0.293333343382717,0.166666666666667,0.511268246034595,128.195536976052,262.391073952105,263.141073952105,267.141630767473,-0.00583333457444812,0.166666666666667,2.96296296296362,128.063595779902,262.127191559805,262.877191559805,266.877748375173,0.222777778797342,0.166666666666667,1.12424308307556,120.251108979484,246.502217958969,247.252217958969,251.252774774337,-0.349166664176641,0.166666666666667,9.9999999999998,130.235209845441,266.470419690883,267.220419690883,271.220976506251,-0.117777777106672,0.166666666666667,2.17145946070785,122.592692173558,251.185384347116,251.935384347116,255.935941162484,-0.00555555083774151,0.166666666666667,2.63480041353628,122.859690016241,251.719380032481,252.469380032481,256.46993684785,20,0.475737879857176,156.417091827276,316.834183654553,317.197820018189,320.001221531465,19.9999999999999,2.29205319519956,128.968921011288,261.937842022576,262.301478386213,265.104879899489,20,0.472310014805453,139.920359999626,283.840719999252,284.204356362888,287.007757876164,0.125781130925164,2.89302971364016,153.141051516196,310.282103032392,310.645739396028,313.449140909304,8.55158554915672,0.645901769952883,126.229202385336,256.458404770672,256.822041134308,259.625442647584,19.9999999999997,2.09375041106949,123.847378416154,251.694756832307,252.058393195944,254.86179470922
"6",NA,"4tcxev3874jk89a",6,0.95496113397348,264.780961086517,531.561922173035,531.679569231858,533.145441111491,0.882716049382716,192.584781906573,387.169563813145,387.287210871969,388.753082751601,0.765660722450846,159.080183390857,320.160366781714,320.278013840538,321.743885720171,0.870522786160646,212.596863650516,427.193727301033,427.311374359857,428.777246239489,0.813671696387746,205.188043890506,412.376087781013,412.493734839836,413.959606719469,0.537037037037037,206.734247752559,415.468495505118,415.586142563942,417.052014443574,0.104938271604938,0.203703703703704,0.559958678385748,0.296296296296296,129.079024199665,266.15804839933,267.448370979975,272.492124153154,0.0925925925925926,0.0308641975308642,3.02469135802469,0,128.783240411461,265.566480822922,266.856803403567,271.900556576746,0.199588477366255,0.203703703703704,0.185185210996933,0.222222222222222,121.204389386697,250.408778773394,251.699101354039,256.742854527218,0.944444444444444,0.635802469135802,5.61728395061728,-0.296296296296296,132.514103048082,273.028206096163,274.318528676808,279.362281849988,0.0797896662082391,0.0185185185185185,2.03703703703704,-0.123456790123457,123.767691943647,255.535383887294,256.82570646794,261.869459641119,0.166666666666667,0.180384087791495,2.40740740740741,-1.11022302462516e-15,125.643755721546,259.287511443091,260.577834023736,265.621587196915,0.293333343382717,0.166666666666667,0.511268246034595,128.195536976052,262.391073952105,263.141073952105,267.141630767473,-0.00583333457444812,0.166666666666667,2.96296296296362,128.063595779902,262.127191559805,262.877191559805,266.877748375173,0.222777778797342,0.166666666666667,1.12424308307556,120.251108979484,246.502217958969,247.252217958969,251.252774774337,-0.349166664176641,0.166666666666667,9.9999999999998,130.235209845441,266.470419690883,267.220419690883,271.220976506251,-0.117777777106672,0.166666666666667,2.17145946070785,122.592692173558,251.185384347116,251.935384347116,255.935941162484,-0.00555555083774151,0.166666666666667,2.63480041353628,122.859690016241,251.719380032481,252.469380032481,256.46993684785,20,0.475737879857176,156.417091827276,316.834183654553,317.197820018189,320.001221531465,19.9999999999999,2.29205319519956,128.968921011288,261.937842022576,262.301478386213,265.104879899489,20,0.472310014805453,139.920359999626,283.840719999252,284.204356362888,287.007757876164,0.125781130925164,2.89302971364016,153.141051516196,310.282103032392,310.645739396028,313.449140909304,8.55158554915672,0.645901769952883,126.229202385336,256.458404770672,256.822041134308,259.625442647584,19.9999999999997,2.09375041106949,123.847378416154,251.694756832307,252.058393195944,254.86179470922
"7",NA,"4tcxev3874jk89a",7,0.923868312757202,251.753049712107,505.506099424215,505.623746483038,507.089618362671,0.86076817558299,192.984452832254,387.968905664508,388.086552723331,389.552424602964,0.95679012345679,159.324979285082,320.649958570164,320.767605628987,322.23347750862,0.810011835744702,224.042328399501,450.084656799001,450.202303857825,451.668175737457,0.910455723212925,198.353732202518,398.707464405035,398.825111463859,400.290983343491,0.983767718335619,217.505275528539,437.010551057078,437.128198115901,438.594069995534,0.0554031397652797,0.302469135802469,0.555555555555556,0.293552812071331,128.568288799364,265.136577598727,266.426900179372,271.470653352552,0.314814814814815,0.277777777777778,3.51851851851852,0,130.23207396525,268.4641479305,269.754470511146,274.798223684325,0.240740740740741,0.0967078189300412,0.596707818930041,0.222222222222222,120.688156687944,249.376313375888,250.666635956534,255.710389129713,0.648150029824571,0.549382716049383,5.98765408868192,-0.296296296296296,133.748155266237,275.496310532473,276.786633113118,281.830386286297,0.133744855967078,0.0802469135802469,2.12391403749428,-0.0987654320987654,123.323479347595,254.64695869519,255.937281275836,260.981034449015,0.203703703703704,0.166661648862872,2.77777777777778,0.00274348422496562,122.654957954081,253.309915908162,254.600238488807,259.643991661986,0.293333343382717,0.166666666666667,0.511268246034595,128.195536976052,262.391073952105,263.141073952105,267.141630767473,-0.00583333457444812,0.166666666666667,2.96296296296362,128.063595779902,262.127191559805,262.877191559805,266.877748375173,0.222777778797342,0.166666666666667,1.12424308307556,120.251108979484,246.502217958969,247.252217958969,251.252774774337,-0.349166664176641,0.166666666666667,9.9999999999998,130.235209845441,266.470419690883,267.220419690883,271.220976506251,-0.117777777106672,0.166666666666667,2.17145946070785,122.592692173558,251.185384347116,251.935384347116,255.935941162484,-0.00555555083774151,0.166666666666667,2.63480041353628,122.859690016241,251.719380032481,252.469380032481,256.46993684785,20,0.475737879857176,156.417091827276,316.834183654553,317.197820018189,320.001221531465,19.9999999999999,2.29205319519956,128.968921011288,261.937842022576,262.301478386213,265.104879899489,20,0.472310014805453,139.920359999626,283.840719999252,284.204356362888,287.007757876164,0.125781130925164,2.89302971364016,153.141051516196,310.282103032392,310.645739396028,313.449140909304,8.55158554915672,0.645901769952883,126.229202385336,256.458404770672,256.822041134308,259.625442647584,19.9999999999997,2.09375041106949,123.847378416154,251.694756832307,252.058393195944,254.86179470922
"8",NA,"4tcxev3874jk89a",8,0.475765889346136,260.058643522776,522.117287045552,522.234934104376,523.700805984008,0.911522633744856,190.986114374164,383.972228748328,384.089875807151,385.555747686784,0.940024386526444,157.148042622235,316.29608524447,316.413732303294,317.879604182926,0.611112992787534,212.103519046176,426.207038092353,426.324685151176,427.790557030809,0.955418381344307,211.422850183013,424.845700366025,424.963347424849,426.429219304482,0.997027892089621,204.20635464204,410.412709284081,410.530356342904,411.996228222537,0.203703703703704,0.314814814814815,0.555555555555556,0.296296296296296,130.43713049393,268.874260987859,270.164583568504,275.208336741684,0.388888888888889,0.0925925925925926,3.51851851851852,0,129.915902777769,267.831805555538,269.122128136183,274.165881309362,0.722222222222222,0.01440329218107,1.0082304526749,0.230452674897119,121.379709006299,250.759418012598,252.049740593243,257.093493766422,0.907407407407407,0.611111111111111,6.11111111111111,-0.296296296296296,130.31113649723,268.622272994461,269.912595575106,274.956348748285,0.166666666666667,0.302474780831739,2.28395061696529,-0.0988105923329201,123.762933858671,255.525867717341,256.816190297986,261.859943471165,0.166666666666667,0.104938271604938,2.77777777777778,-0.0246913580246914,123.605450068979,255.210900137957,256.501222718602,261.544975891781,0.293333343382717,0.166666666666667,0.511268246034595,128.195536976052,262.391073952105,263.141073952105,267.141630767473,-0.00583333457444812,0.166666666666667,2.96296296296362,128.063595779902,262.127191559805,262.877191559805,266.877748375173,0.222777778797342,0.166666666666667,1.12424308307556,120.251108979484,246.502217958969,247.252217958969,251.252774774337,-0.349166664176641,0.166666666666667,9.9999999999998,130.235209845441,266.470419690883,267.220419690883,271.220976506251,-0.117777777106672,0.166666666666667,2.17145946070785,122.592692173558,251.185384347116,251.935384347116,255.935941162484,-0.00555555083774151,0.166666666666667,2.63480041353628,122.859690016241,251.719380032481,252.469380032481,256.46993684785,20,0.475737879857176,156.417091827276,316.834183654553,317.197820018189,320.001221531465,19.9999999999999,2.29205319519956,128.968921011288,261.937842022576,262.301478386213,265.104879899489,20,0.472310014805453,139.920359999626,283.840719999252,284.204356362888,287.007757876164,0.125781130925164,2.89302971364016,153.141051516196,310.282103032392,310.645739396028,313.449140909304,8.55158554915672,0.645901769952883,126.229202385336,256.458404770672,256.822041134308,259.625442647584,19.9999999999997,2.09375041106949,123.847378416154,251.694756832307,252.058393195944,254.86179470922
"9",NA,"4tcxev3874jk89a",9,0.878753238835543,258.848399583314,519.696799166628,519.814446225451,521.280318105084,0.698445358939186,203.975300923825,409.95060184765,410.068248906473,411.534120786106,0.855738454503886,159.814571257964,321.629142515927,321.746789574751,323.212661454383,0.748742569730224,208.551482651761,419.102965303523,419.220612362346,420.686484241979,0.6004420057918,197.994038713577,397.988077427154,398.105724485978,399.57159636561,0.888203017832647,211.570218933102,425.140437866204,425.258084925027,426.72395680466,0.0185185185185185,0.0555555555555556,0.51440329218107,0.288065843621403,128.080223198591,264.160446397182,265.450768977827,270.494522151006,0.0925925925925926,0.314814814814815,2.77777777777778,0,128.182046996083,264.364093992165,265.65441657281,270.69816974599,0.611111111111111,0.12962962962963,0.555555555555556,0.219478737997257,120.783129254283,249.566258508566,250.856581089211,255.90033426239,0.993827160493827,0.524691358024691,5.24691358024691,-0.271604938271605,131.411240209338,270.822480418675,272.11280299932,277.1565561725,0.117283950617284,0.0925925925925926,2.28395061728395,-0.123456774636408,123.294393783076,254.588787566152,255.879110146798,260.922863319977,0.104938271604938,0.12962962962963,2.53086419753086,4.646114626361e-08,123.522197989323,255.044395978646,256.334718559291,261.37847173247,0.293333343382717,0.166666666666667,0.511268246034595,128.195536976052,262.391073952105,263.141073952105,267.141630767473,-0.00583333457444812,0.166666666666667,2.96296296296362,128.063595779902,262.127191559805,262.877191559805,266.877748375173,0.222777778797342,0.166666666666667,1.12424308307556,120.251108979484,246.502217958969,247.252217958969,251.252774774337,-0.349166664176641,0.166666666666667,9.9999999999998,130.235209845441,266.470419690883,267.220419690883,271.220976506251,-0.117777777106672,0.166666666666667,2.17145946070785,122.592692173558,251.185384347116,251.935384347116,255.935941162484,-0.00555555083774151,0.166666666666667,2.63480041353628,122.859690016241,251.719380032481,252.469380032481,256.46993684785,20,0.475737879857176,156.417091827276,316.834183654553,317.197820018189,320.001221531465,19.9999999999999,2.29205319519956,128.968921011288,261.937842022576,262.301478386213,265.104879899489,20,0.472310014805453,139.920359999626,283.840719999252,284.204356362888,287.007757876164,0.125781130925164,2.89302971364016,153.141051516196,310.282103032392,310.645739396028,313.449140909304,8.55158554915672,0.645901769952883,126.229202385336,256.458404770672,256.822041134308,259.625442647584,19.9999999999997,2.09375041106949,123.847378416154,251.694756832307,252.058393195944,254.86179470922
"10",NA,"4tcxev3874jk89a",10,0.943021897068536,256.000770514126,514.001541028251,514.119188087075,515.585059966707,0.922496570644719,197.480705875062,396.961411750123,397.079058808947,398.54493068858,0.815500685871056,160.006910950627,322.013821901255,322.131468960078,323.597340839711,0.950845907636031,203.124748388915,408.24949677783,408.367143836654,409.833015716286,0.524691358024691,197.274637104613,396.549274209225,396.666921268049,398.132793147681,0.952674897119337,193.545232321655,389.09046464331,389.208111702134,390.673983581766,0.0555555555555556,0.315272062185642,0.55098308184728,0.295381801554641,128.22699232406,264.45398464812,265.744307228765,270.788060401945,0.0555555555555556,0.179012368909585,3.39506172839506,0.000101610526850537,128.345036721881,264.690073443763,265.980396024408,271.024149197587,0.611111111111111,0.0555555555555556,0.185185185185185,0.222222222222222,120.935308440632,249.870616881263,251.160939461908,256.204692635088,0.932098765432099,0.574074074074074,6.11111111111111,-0.296296296296296,130.204767703098,268.409535406197,269.699857986842,274.743611160021,0.10082304526749,0.277777777777776,2.28395061728395,-0.123456790123457,124.002650719053,256.005301438105,257.295624018751,262.33937719193,0.15843621399177,0.166661021637397,2.65432098765432,-9.78471740041842e-05,125.001323702484,258.002647404967,259.292969985613,264.336723158792,0.293333343382717,0.166666666666667,0.511268246034595,128.195536976052,262.391073952105,263.141073952105,267.141630767473,-0.00583333457444812,0.166666666666667,2.96296296296362,128.063595779902,262.127191559805,262.877191559805,266.877748375173,0.222777778797342,0.166666666666667,1.12424308307556,120.251108979484,246.502217958969,247.252217958969,251.252774774337,-0.349166664176641,0.166666666666667,9.9999999999998,130.235209845441,266.470419690883,267.220419690883,271.220976506251,-0.117777777106672,0.166666666666667,2.17145946070785,122.592692173558,251.185384347116,251.935384347116,255.935941162484,-0.00555555083774151,0.166666666666667,2.63480041353628,122.859690016241,251.719380032481,252.469380032481,256.46993684785,20,0.475737879857176,156.417091827276,316.834183654553,317.197820018189,320.001221531465,19.9999999999999,2.29205319519956,128.968921011288,261.937842022576,262.301478386213,265.104879899489,20,0.472310014805453,139.920359999626,283.840719999252,284.204356362888,287.007757876164,0.125781130925164,2.89302971364016,153.141051516196,310.282103032392,310.645739396028,313.449140909304,8.55158554915672,0.645901769952883,126.229202385336,256.458404770672,256.822041134308,259.625442647584,19.9999999999997,2.09375041106949,123.847378416154,251.694756832307,252.058393195944,254.86179470922
"11",NA,"4tcxev3874jk89a",11,0.8493369913123,258.611099741093,519.222199482186,519.33984654101,520.805718420642,0.458390489254687,201.777133274296,405.554266548593,405.671913607416,407.137785487049,0.864426154549611,158.406993188384,318.813986376768,318.931633435591,320.397505315224,0.98559670781893,212.103523642264,426.207047284527,426.324694343351,427.790566222984,0.956332876085963,194.157229377511,390.314458755022,390.432105813845,391.897977693478,0.96639231824417,210.471138059528,422.942276119055,423.059923177879,424.525795057511,0.0925925925925926,0.277777777777778,0.555555555555556,0.296296296296296,128.449054686087,264.898109372174,266.188431952819,271.232185125998,0.166666666666667,0.0555555555555556,3.14814814814815,0,127.641136440632,263.282272881263,264.572595461909,269.616348635088,0.166666666666667,0.166666666666667,0.555555555555556,0.222222222222222,120.131073286152,248.262146572304,249.552469152949,254.596222326128,0.907407407407407,0.648148148148148,6.11111111111111,-0.296296296296296,130.978778144721,269.957556289442,271.247878870087,276.291632043266,0.0349794238683128,0.117283950617284,2.28395061728395,-0.116140832190215,121.841215763959,251.682431527919,252.972754108564,258.016507281743,0.203703703703704,0.314812933138392,2.77777777777778,0,123.427235374492,254.854470748985,256.14479332963,261.188546502809,0.293333343382717,0.166666666666667,0.511268246034595,128.195536976052,262.391073952105,263.141073952105,267.141630767473,-0.00583333457444812,0.166666666666667,2.96296296296362,128.063595779902,262.127191559805,262.877191559805,266.877748375173,0.222777778797342,0.166666666666667,1.12424308307556,120.251108979484,246.502217958969,247.252217958969,251.252774774337,-0.349166664176641,0.166666666666667,9.9999999999998,130.235209845441,266.470419690883,267.220419690883,271.220976506251,-0.117777777106672,0.166666666666667,2.17145946070785,122.592692173558,251.185384347116,251.935384347116,255.935941162484,-0.00555555083774151,0.166666666666667,2.63480041353628,122.859690016241,251.719380032481,252.469380032481,256.46993684785,20,0.475737879857176,156.417091827276,316.834183654553,317.197820018189,320.001221531465,19.9999999999999,2.29205319519956,128.968921011288,261.937842022576,262.301478386213,265.104879899489,20,0.472310014805453,139.920359999626,283.840719999252,284.204356362888,287.007757876164,0.125781130925164,2.89302971364016,153.141051516196,310.282103032392,310.645739396028,313.449140909304,8.55158554915672,0.645901769952883,126.229202385336,256.458404770672,256.822041134308,259.625442647584,19.9999999999997,2.09375041106949,123.847378416154,251.694756832307,252.058393195944,254.86179470922
"12",NA,"4tcxev3874jk89a",12,0.897957628410303,257.851722330026,517.703444660053,517.821091718876,519.286963598509,0.832876085962506,200.378297737029,402.756595474058,402.874242532882,404.340114412514,0.571483005639384,158.564363193452,319.128726386903,319.246373445727,320.71224532536,0.902834933699131,215.162225675711,432.324451351422,432.442098410246,433.907970289878,0.687014174668496,203.749245521838,409.498491043675,409.616138102499,411.082009982131,0.831504343850023,212.999027721777,427.998055443554,428.115702502377,429.58157438201,0.0546410608139004,0.291495198902606,0.555555555555556,0.294467306812986,129.187090704723,266.374181409445,267.664503990091,272.70825716327,0.203703703703704,0.0185185185185185,3.14814814814815,0,129.60707253176,267.21414506352,268.504467644165,273.548220817344,0.393004115226337,0.0432098765432099,0.555555555555556,0.222222222222222,120.798468239022,249.596936478045,250.88725905869,255.931012231869,0.932098765428558,0.550754458161866,4.87654320987654,-0.296296296296296,131.341995326935,270.683990653869,271.974313234514,277.018066407693,0.0308641975308642,0.141975308641975,2.17421124828532,-0.11522633744856,122.595660975562,253.191321951124,254.481644531769,259.525397704948,0.0665295001989428,0.166666666666667,2.77777777777778,0.00274348422496562,123.182764498587,254.365528997174,255.655851577819,260.699604750999,0.293333343382717,0.166666666666667,0.511268246034595,128.195536976052,262.391073952105,263.141073952105,267.141630767473,-0.00583333457444812,0.166666666666667,2.96296296296362,128.063595779902,262.127191559805,262.877191559805,266.877748375173,0.222777778797342,0.166666666666667,1.12424308307556,120.251108979484,246.502217958969,247.252217958969,251.252774774337,-0.349166664176641,0.166666666666667,9.9999999999998,130.235209845441,266.470419690883,267.220419690883,271.220976506251,-0.117777777106672,0.166666666666667,2.17145946070785,122.592692173558,251.185384347116,251.935384347116,255.935941162484,-0.00555555083774151,0.166666666666667,2.63480041353628,122.859690016241,251.719380032481,252.469380032481,256.46993684785,20,0.475737879857176,156.417091827276,316.834183654553,317.197820018189,320.001221531465,19.9999999999999,2.29205319519956,128.968921011288,261.937842022576,262.301478386213,265.104879899489,20,0.472310014805453,139.920359999626,283.840719999252,284.204356362888,287.007757876164,0.125781130925164,2.89302971364016,153.141051516196,310.282103032392,310.645739396028,313.449140909304,8.55158554915672,0.645901769952883,126.229202385336,256.458404770672,256.822041134308,259.625442647584,19.9999999999997,2.09375041106949,123.847378416154,251.694756832307,252.058393195944,254.86179470922
"13",NA,"4tcxev3874jk89a",13,0.842935528120713,253.959961310012,509.919922620023,510.037569678847,511.503441558479,0.878583887957459,201.177630607936,404.355261215873,404.472908274696,405.938780154329,0.97782350251486,159.3162366982,320.6324733964,320.750120455223,322.215992334856,0.958619112940101,210.919509516899,423.839019033797,423.956666092621,425.422537972253,0.98559670781893,202.550238242199,407.100476484397,407.218123543221,408.683995422853,0.439643347050754,209.042328844458,420.084657688916,420.20230474774,421.668176627372,0.0528120713305899,0.141975308641975,0.541838134430727,0.292638317329675,128.727997255581,265.455994511163,266.746317091808,271.790070264987,0.166666666666667,0.240740740740741,3.14814814814815,0,128.796703356663,265.593406713326,266.883729293971,271.92748246715,0.31481481481482,0.0555499105262861,0.555555555555556,0.222222222222222,120.370239046859,248.740478093717,250.030800674363,255.074553847542,0.648148148148148,0.611111111111111,5.8641975308642,-0.296296296296296,131.067879463144,270.135758926288,271.426081506933,276.469834680112,0.0555555555555556,0.129629629629236,2.16049382716049,-0.0987654320986781,122.338104264537,252.676208529073,253.966531109718,259.010284282898,0.117283950617284,0.0925925925925926,2.77777777777778,0,123.548722820609,255.097445641217,256.387768221862,261.431521395042,0.293333343382717,0.166666666666667,0.511268246034595,128.195536976052,262.391073952105,263.141073952105,267.141630767473,-0.00583333457444812,0.166666666666667,2.96296296296362,128.063595779902,262.127191559805,262.877191559805,266.877748375173,0.222777778797342,0.166666666666667,1.12424308307556,120.251108979484,246.502217958969,247.252217958969,251.252774774337,-0.349166664176641,0.166666666666667,9.9999999999998,130.235209845441,266.470419690883,267.220419690883,271.220976506251,-0.117777777106672,0.166666666666667,2.17145946070785,122.592692173558,251.185384347116,251.935384347116,255.935941162484,-0.00555555083774151,0.166666666666667,2.63480041353628,122.859690016241,251.719380032481,252.469380032481,256.46993684785,20,0.475737879857176,156.417091827276,316.834183654553,317.197820018189,320.001221531465,19.9999999999999,2.29205319519956,128.968921011288,261.937842022576,262.301478386213,265.104879899489,20,0.472310014805453,139.920359999626,283.840719999252,284.204356362888,287.007757876164,0.125781130925164,2.89302971364016,153.141051516196,310.282103032392,310.645739396028,313.449140909304,8.55158554915672,0.645901769952883,126.229202385336,256.458404770672,256.822041134308,259.625442647584,19.9999999999997,2.09375041106949,123.847378416154,251.694756832307,252.058393195944,254.86179470922
"14",NA,"4tcxev3874jk89a",14,0.87037037037037,254.861710411888,511.723420823776,511.841067882599,513.306939762232,0.867171520451,199.479045770274,400.958091540548,401.075738599372,402.541610479004,0.757887517146776,157.847460399668,317.694920799337,317.81256785816,319.278439737793,0.977366255144033,207.071465837981,416.142931675962,416.260578734785,417.726450614418,0.907406780181904,200.392037617009,402.784075234017,402.901722292841,404.367594172473,0.841716201734774,211.790039673181,425.580079346363,425.697726405186,427.163598284819,0.103566529492455,0.166209419295839,0.557079713458315,0.293552812071331,130.161824036443,268.323648072887,269.613970653532,274.657723826711,0.277777777777778,0.166666666666667,2.77777776917386,-0.00548696844993135,126.67928431046,261.358568620921,262.648891201566,267.692644374745,0.574074074074074,0.277777777777778,0.180612711476909,0.222222220501439,120.962507863315,249.92501572663,251.215338307275,256.259091480454,0.833333333333333,0.58641975308642,5.61728395061728,-0.296296296275052,130.755203859609,269.510407719218,270.800730299863,275.844483473042,0.0925925925925926,0.166666666666667,2.07818930041152,-0.123456790123457,124.905200566999,257.810401133998,259.100723714643,264.144476887822,0.168038408779135,0.314814814814815,2.77777777777778,0,123.98217978868,255.964359577361,257.254682158006,262.298435331185,0.293333343382717,0.166666666666667,0.511268246034595,128.195536976052,262.391073952105,263.141073952105,267.141630767473,-0.00583333457444812,0.166666666666667,2.96296296296362,128.063595779902,262.127191559805,262.877191559805,266.877748375173,0.222777778797342,0.166666666666667,1.12424308307556,120.251108979484,246.502217958969,247.252217958969,251.252774774337,-0.349166664176641,0.166666666666667,9.9999999999998,130.235209845441,266.470419690883,267.220419690883,271.220976506251,-0.117777777106672,0.166666666666667,2.17145946070785,122.592692173558,251.185384347116,251.935384347116,255.935941162484,-0.00555555083774151,0.166666666666667,2.63480041353628,122.859690016241,251.719380032481,252.469380032481,256.46993684785,20,0.475737879857176,156.417091827276,316.834183654553,317.197820018189,320.001221531465,19.9999999999999,2.29205319519956,128.968921011288,261.937842022576,262.301478386213,265.104879899489,20,0.472310014805453,139.920359999626,283.840719999252,284.204356362888,287.007757876164,0.125781130925164,2.89302971364016,153.141051516196,310.282103032392,310.645739396028,313.449140909304,8.55158554915672,0.645901769952883,126.229202385336,256.458404770672,256.822041134308,259.625442647584,19.9999999999997,2.09375041106949,123.847378416154,251.694756832307,252.058393195944,254.86179470922
"15",NA,"4tcxev3874jk89a",15,0.981481481492104,249.071525379691,500.143050759382,500.260697818205,501.726569697838,0.829980185947264,195.682211781009,393.364423562018,393.482070620841,394.947942500474,0.799039780521262,160.715070708389,323.430141416778,323.547788475602,325.013660355235,0.786694101508916,210.426171055713,422.852342111427,422.96998917025,424.435861049883,0.984224965706447,202.670140541553,407.340281083106,407.457928141929,408.923800021562,0.790809327846365,219.263814543795,440.527629087589,440.645276146413,442.111148026045,0.12962962962963,0.240740740740741,0.555555555555556,0.296601127876848,129.290841026968,266.581682053936,267.872004634582,272.915757807761,0.166666666666667,0.0432098765432099,3.14814605739657,0.000914494741655281,128.90842513951,265.81685027902,267.107172859665,272.150926032844,0.537037037037037,0.277777777777778,0.185185185185185,0.222222222222222,120.799310737686,249.598621475373,250.888944056018,255.932697229197,0.866255144032922,0.537037037037037,6.60493827160494,-0.296296296296296,132.785714407028,273.571428814057,274.861751394702,279.905504567881,0.166666666666667,0.314814814814815,2.28395061728395,-0.149062642889803,124.810635106612,257.621270213224,258.911592793869,263.955345967048,0.0925925925925926,0.276406035665295,2.77777777777778,0,124.191677564412,256.383355128825,257.67367770947,262.717430882649,0.293333343382717,0.166666666666667,0.511268246034595,128.195536976052,262.391073952105,263.141073952105,267.141630767473,-0.00583333457444812,0.166666666666667,2.96296296296362,128.063595779902,262.127191559805,262.877191559805,266.877748375173,0.222777778797342,0.166666666666667,1.12424308307556,120.251108979484,246.502217958969,247.252217958969,251.252774774337,-0.349166664176641,0.166666666666667,9.9999999999998,130.235209845441,266.470419690883,267.220419690883,271.220976506251,-0.117777777106672,0.166666666666667,2.17145946070785,122.592692173558,251.185384347116,251.935384347116,255.935941162484,-0.00555555083774151,0.166666666666667,2.63480041353628,122.859690016241,251.719380032481,252.469380032481,256.46993684785,20,0.475737879857176,156.417091827276,316.834183654553,317.197820018189,320.001221531465,19.9999999999999,2.29205319519956,128.968921011288,261.937842022576,262.301478386213,265.104879899489,20,0.472310014805453,139.920359999626,283.840719999252,284.204356362888,287.007757876164,0.125781130925164,2.89302971364016,153.141051516196,310.282103032392,310.645739396028,313.449140909304,8.55158554915672,0.645901769952883,126.229202385336,256.458404770672,256.822041134308,259.625442647584,19.9999999999997,2.09375041106949,123.847378416154,251.694756832307,252.058393195944,254.86179470922
"16",NA,"4tcxev3874jk89a",16,0.770233195872368,254.43457014187,510.86914028374,510.986787342564,512.452659222197,0.902834933699131,207.872053680825,417.744107361649,417.861754420473,419.327626300106,0.968373723517756,159.036469697097,320.072939394193,320.190586453017,321.656458332649,0.944446326120868,219.700946575431,441.401893150862,441.519540209686,442.985412089318,0.944292028654169,212.382050943988,426.764101887976,426.881748946799,428.347620826432,0.882716049382847,208.932417588505,419.86483517701,419.982482235834,421.448354115466,0.0569272976680384,0.0930498399634202,0.555555555555556,0.296262426120679,128.209343320175,264.41868664035,265.709009220995,270.752762394174,0.240740740740741,0.166666666666667,2.77777778638169,0,128.912432657457,265.824865314915,267.11518789556,272.158941068739,0.421810699588477,0.0555555555555556,0.596707818930041,0.233196159122085,120.703060239872,249.406120479744,250.696443060389,255.740196233568,0.796296296296296,0.833333333333333,5.61728395061728,-0.296296296296296,133.184435063841,274.368870127681,275.659192708327,280.702945881506,0.0802469135802469,0.314814814814815,2.03703703703704,-0.123456790123457,123.7693251268,255.538650253599,256.828972834245,261.872726007424,0.141975308641975,0.104938271604938,2.77777777777778,0.0246913580246915,126.299169742972,260.598339485944,261.888662066589,266.932415239769,0.293333343382717,0.166666666666667,0.511268246034595,128.195536976052,262.391073952105,263.141073952105,267.141630767473,-0.00583333457444812,0.166666666666667,2.96296296296362,128.063595779902,262.127191559805,262.877191559805,266.877748375173,0.222777778797342,0.166666666666667,1.12424308307556,120.251108979484,246.502217958969,247.252217958969,251.252774774337,-0.349166664176641,0.166666666666667,9.9999999999998,130.235209845441,266.470419690883,267.220419690883,271.220976506251,-0.117777777106672,0.166666666666667,2.17145946070785,122.592692173558,251.185384347116,251.935384347116,255.935941162484,-0.00555555083774151,0.166666666666667,2.63480041353628,122.859690016241,251.719380032481,252.469380032481,256.46993684785,20,0.475737879857176,156.417091827276,316.834183654553,317.197820018189,320.001221531465,19.9999999999999,2.29205319519956,128.968921011288,261.937842022576,262.301478386213,265.104879899489,20,0.472310014805453,139.920359999626,283.840719999252,284.204356362888,287.007757876164,0.125781130925164,2.89302971364016,153.141051516196,310.282103032392,310.645739396028,313.449140909304,8.55158554915672,0.645901769952883,126.229202385336,256.458404770672,256.822041134308,259.625442647584,19.9999999999997,2.09375041106949,123.847378416154,251.694756832307,252.058393195944,254.86179470922
"17",NA,"4tcxev3874jk89a",17,0.954046639231824,257.543234524123,517.086469048246,517.204116107069,518.669987986702,0.98742569730224,190.186779070132,382.373558140264,382.491205199087,383.95707707872,0.99519890260631,160.356619593253,322.713239186505,322.830886245329,324.296758124961,0.882716049382716,220.983627047552,443.967254095103,444.084901153927,445.550773033559,0.964868160341411,212.262150439273,426.524300878546,426.641947937369,428.107819817002,0.993827160493827,216.516103556061,435.032207112121,435.149854170945,436.615726050577,0.0308641975308642,0.166666666666667,0.555555555555556,0.296296296296296,128.881712146578,265.763424293155,267.053746873801,272.09750004698,0.12962962962963,0.0185185185185185,2.90123456790123,0,129.492348649392,266.984697298784,268.275019879429,273.318773052609,0.504115226337449,0.211934156378601,0.637860082304527,0.222222222222222,120.917795648757,249.835591297514,251.125913878159,256.169667051339,0.981481481481481,0.685185185185185,6.11111111111111,-0.296296296296296,132.199971738046,272.399943476092,273.690266056737,278.734019229916,0.129178027192472,0.179012345679012,2.28395061728395,-0.0987654320987654,124.474192565115,256.948385130229,258.238707710875,263.282460884054,0.0555555555555556,0.0925925925925926,2.65432098765432,-0.00823045267489708,123.197161288697,254.394322577395,255.68464515804,260.728398331219,0.293333343382717,0.166666666666667,0.511268246034595,128.195536976052,262.391073952105,263.141073952105,267.141630767473,-0.00583333457444812,0.166666666666667,2.96296296296362,128.063595779902,262.127191559805,262.877191559805,266.877748375173,0.222777778797342,0.166666666666667,1.12424308307556,120.251108979484,246.502217958969,247.252217958969,251.252774774337,-0.349166664176641,0.166666666666667,9.9999999999998,130.235209845441,266.470419690883,267.220419690883,271.220976506251,-0.117777777106672,0.166666666666667,2.17145946070785,122.592692173558,251.185384347116,251.935384347116,255.935941162484,-0.00555555083774151,0.166666666666667,2.63480041353628,122.859690016241,251.719380032481,252.469380032481,256.46993684785,20,0.475737879857176,156.417091827276,316.834183654553,317.197820018189,320.001221531465,19.9999999999999,2.29205319519956,128.968921011288,261.937842022576,262.301478386213,265.104879899489,20,0.472310014805453,139.920359999626,283.840719999252,284.204356362888,287.007757876164,0.125781130925164,2.89302971364016,153.141051516196,310.282103032392,310.645739396028,313.449140909304,8.55158554915672,0.645901769952883,126.229202385336,256.458404770672,256.822041134308,259.625442647584,19.9999999999997,2.09375041106949,123.847378416154,251.694756832307,252.058393195944,254.86179470922
"18",NA,"4tcxev3874jk89a",18,0.854214296601128,252.86837032867,507.73674065734,507.854387716164,509.320259595796,0.852537722908093,190.886207463887,383.772414927773,383.890061986597,385.35593386623,0.960905349794239,159.893255589553,321.786511179105,321.904158237929,323.370030117562,0.983310470964792,211.511517834965,425.023035669929,425.140682728753,426.606554608385,0.83196159122085,200.631840125724,403.263680251447,403.381327310271,404.847199189903,0.943987189425691,211.899946023952,425.799892047904,425.917539106727,427.38341098636,0.0569272976680384,0.128257887517147,0.516435502718082,0.288065843621399,128.373035061987,264.746070123974,266.036392704619,271.080145877798,0.277777777777778,0.0556063608189809,2.77777777777778,1.91198168408846e-10,129.466219876907,266.932439753814,268.22276233446,273.266515507639,0.351851851851896,0.0555555555555556,0.555555558423528,0.222222222222222,120.371853932741,248.743707865482,250.034030446127,255.077783619307,0.969135802469136,0.734567901234568,5.37037037037037,-0.296296296296296,131.575144405429,271.150288810858,272.440611391503,277.484364564683,0.12962962962963,0.0185184952879454,2.03703703703704,-0.148148148148149,123.12922489162,254.258449783239,255.548772363884,260.592525537064,0.166666666666667,0.240893156531017,2.40740740740741,-0.00823045267489708,125.596048101631,259.192096203262,260.482418783908,265.526171957087,0.293333343382717,0.166666666666667,0.511268246034595,128.195536976052,262.391073952105,263.141073952105,267.141630767473,-0.00583333457444812,0.166666666666667,2.96296296296362,128.063595779902,262.127191559805,262.877191559805,266.877748375173,0.222777778797342,0.166666666666667,1.12424308307556,120.251108979484,246.502217958969,247.252217958969,251.252774774337,-0.349166664176641,0.166666666666667,9.9999999999998,130.235209845441,266.470419690883,267.220419690883,271.220976506251,-0.117777777106672,0.166666666666667,2.17145946070785,122.592692173558,251.185384347116,251.935384347116,255.935941162484,-0.00555555083774151,0.166666666666667,2.63480041353628,122.859690016241,251.719380032481,252.469380032481,256.46993684785,20,0.475737879857176,156.417091827276,316.834183654553,317.197820018189,320.001221531465,19.9999999999999,2.29205319519956,128.968921011288,261.937842022576,262.301478386213,265.104879899489,20,0.472310014805453,139.920359999626,283.840719999252,284.204356362888,287.007757876164,0.125781130925164,2.89302971364016,153.141051516196,310.282103032392,310.645739396028,313.449140909304,8.55158554915672,0.645901769952883,126.229202385336,256.458404770672,256.822041134308,259.625442647584,19.9999999999997,2.09375041106949,123.847378416154,251.694756832307,252.058393195944,254.86179470922
"19",NA,"4tcxev3874jk89a",19,0.981633897271626,256.641479368062,515.282958736125,515.400605794948,516.866477674581,0.755448864502362,191.385790115257,384.771580230515,384.889227289338,386.355099168971,0.969135802469136,159.403663864121,320.807327728243,320.924974787066,322.390846666699,0.964106081390032,202.236744013079,406.473488026159,406.591135084982,408.057006964615,0.849794238683128,199.792540171839,401.585080343679,401.702727402502,403.168599282135,0.965477823502515,195.30376655963,392.60753311926,392.725180178083,394.191052057716,0.0512879134278311,0.0557079713458315,0.541838134430727,0.293552812071331,129.337133796721,266.674267593442,267.964590174087,273.008343347266,0.179012345679012,0.0925925925925926,2.77777777777778,0,129.960940185236,267.921880370472,269.212202951117,274.255956124297,0.240740740740741,0.166666666666667,0.679031162443244,0.222222222222222,120.338498019301,248.676996038602,249.967318619247,255.011071792426,0.895061728395062,0.574074074074074,5.37037037037037,-0.296296296296296,130.662259702465,269.324519404931,270.614841985576,275.658595158755,0.0308641897873398,0.0185185185185185,2.24279835390946,-0.123456790123457,122.109944552584,252.219889105169,253.510211685814,258.553964858993,0.0925925925925926,0.166666666666667,2.73662551440329,-4.18150316261467e-07,123.074444742546,254.148889485092,255.439212065737,260.482965238916,0.293333343382717,0.166666666666667,0.511268246034595,128.195536976052,262.391073952105,263.141073952105,267.141630767473,-0.00583333457444812,0.166666666666667,2.96296296296362,128.063595779902,262.127191559805,262.877191559805,266.877748375173,0.222777778797342,0.166666666666667,1.12424308307556,120.251108979484,246.502217958969,247.252217958969,251.252774774337,-0.349166664176641,0.166666666666667,9.9999999999998,130.235209845441,266.470419690883,267.220419690883,271.220976506251,-0.117777777106672,0.166666666666667,2.17145946070785,122.592692173558,251.185384347116,251.935384347116,255.935941162484,-0.00555555083774151,0.166666666666667,2.63480041353628,122.859690016241,251.719380032481,252.469380032481,256.46993684785,20,0.475737879857176,156.417091827276,316.834183654553,317.197820018189,320.001221531465,19.9999999999999,2.29205319519956,128.968921011288,261.937842022576,262.301478386213,265.104879899489,20,0.472310014805453,139.920359999626,283.840719999252,284.204356362888,287.007757876164,0.125781130925164,2.89302971364016,153.141051516196,310.282103032392,310.645739396028,313.449140909304,8.55158554915672,0.645901769952883,126.229202385336,256.458404770672,256.822041134308,259.625442647584,19.9999999999997,2.09375041106949,123.847378416154,251.694756832307,252.058393195944,254.86179470922
"20",NA,"4tcxev3874jk89a",20,0.979957323578723,249.878359140247,501.756718280495,501.874365339318,503.340237218951,0.917924096936443,193.184283554594,388.368567109187,388.486214168011,389.952086047643,0.981938728852703,159.735886811194,321.471773622387,321.589420681211,323.055292560843,0.820073159579332,215.655565124528,433.311130249056,433.428777307879,434.894649187512,0.726337448559671,195.116437313995,392.232874627989,392.350521686813,393.816393566445,0.893689986282579,211.680126838525,425.36025367705,425.477900735873,426.943772615506,0.12962962962963,0.314814814814815,0.555555555555556,0.296296296296296,129.425919042616,266.851838085231,268.142160665876,273.185913839055,0.203703703703704,0.277777777777778,2.40740740740741,-0.00274348422496573,131.44329545839,270.886590916781,272.176913497426,277.220666670605,0.351851851851852,0.203703703703704,0.555555787861287,0.222222222222222,120.794378018749,249.588756037499,250.879078618144,255.922831791323,0.681069958847737,0.648148148148148,6.48148148148148,-0.296296296296296,129.872529504411,267.745059008821,269.035381589467,274.079134762646,0.0555555555555556,0.117283950617284,2.11934156378601,-0.123456790123457,124.216114680386,256.432229360773,257.722551941418,262.766305114597,0.0925925925607263,0.0925925925925926,2.65432098765432,0,123.363577312952,254.727154625904,256.017477206549,261.061230379728,0.293333343382717,0.166666666666667,0.511268246034595,128.195536976052,262.391073952105,263.141073952105,267.141630767473,-0.00583333457444812,0.166666666666667,2.96296296296362,128.063595779902,262.127191559805,262.877191559805,266.877748375173,0.222777778797342,0.166666666666667,1.12424308307556,120.251108979484,246.502217958969,247.252217958969,251.252774774337,-0.349166664176641,0.166666666666667,9.9999999999998,130.235209845441,266.470419690883,267.220419690883,271.220976506251,-0.117777777106672,0.166666666666667,2.17145946070785,122.592692173558,251.185384347116,251.935384347116,255.935941162484,-0.00555555083774151,0.166666666666667,2.63480041353628,122.859690016241,251.719380032481,252.469380032481,256.46993684785,20,0.475737879857176,156.417091827276,316.834183654553,317.197820018189,320.001221531465,19.9999999999999,2.29205319519956,128.968921011288,261.937842022576,262.301478386213,265.104879899489,20,0.472310014805453,139.920359999626,283.840719999252,284.204356362888,287.007757876164,0.125781130925164,2.89302971364016,153.141051516196,310.282103032392,310.645739396028,313.449140909304,8.55158554915672,0.645901769952883,126.229202385336,256.458404770672,256.822041134308,259.625442647584,19.9999999999997,2.09375041106949,123.847378416154,251.694756832307,252.058393195944,254.86179470922
"21",NA,"4tcxev3874jk89a",21,0.931184270690444,263.618180020741,529.236360041481,529.354007100305,530.819878979937,0.874028349337385,200.977796981947,403.955593963894,404.073241022717,405.53911290235,0.951303155006859,155.88034949562,313.76069899124,313.878346050064,315.344217929696,0.877533912513336,221.378298205216,444.756596410432,444.874243469255,446.340115348888,0.804120306863791,202.430340827103,406.860681654207,406.97832871303,408.444200592663,0.986968449931413,196.402851829183,394.805703658366,394.923350717189,396.389222596822,0.104938294835511,0.0925925925925926,0.555555555555556,0.296296296296296,129.526098237909,267.052196475819,268.342519056464,273.386272229643,0.240740740740741,0.0555555555555556,2.77777777777778,1.25445094867338e-06,131.926394129361,271.852788258722,273.143110839367,278.186864012547,0.458847736625514,0.199588477366255,0.102880658436214,0.222222222222222,121.074220463938,250.148440927876,251.438763508521,256.482516681701,0.870370161295212,0.537037037037037,6.3580246912518,-0.296296296296296,131.289678961706,270.579357923412,271.869680504057,276.913433677237,0.0432098765432099,0.0555555555555556,2.06447187928669,-0.123456790123457,123.18987138288,254.379742765759,255.670065346405,260.713818519584,0.166666666666667,0.314814814814815,2.77777777777778,0,124.461898987748,256.923797975496,258.214120556141,263.25787372932,0.293333343382717,0.166666666666667,0.511268246034595,128.195536976052,262.391073952105,263.141073952105,267.141630767473,-0.00583333457444812,0.166666666666667,2.96296296296362,128.063595779902,262.127191559805,262.877191559805,266.877748375173,0.222777778797342,0.166666666666667,1.12424308307556,120.251108979484,246.502217958969,247.252217958969,251.252774774337,-0.349166664176641,0.166666666666667,9.9999999999998,130.235209845441,266.470419690883,267.220419690883,271.220976506251,-0.117777777106672,0.166666666666667,2.17145946070785,122.592692173558,251.185384347116,251.935384347116,255.935941162484,-0.00555555083774151,0.166666666666667,2.63480041353628,122.859690016241,251.719380032481,252.469380032481,256.46993684785,20,0.475737879857176,156.417091827276,316.834183654553,317.197820018189,320.001221531465,19.9999999999999,2.29205319519956,128.968921011288,261.937842022576,262.301478386213,265.104879899489,20,0.472310014805453,139.920359999626,283.840719999252,284.204356362888,287.007757876164,0.125781130925164,2.89302971364016,153.141051516196,310.282103032392,310.645739396028,313.449140909304,8.55158554915672,0.645901769952883,126.229202385336,256.458404770672,256.822041134308,259.625442647584,19.9999999999997,2.09375041106949,123.847378416154,251.694756832307,252.058393195944,254.86179470922
"22",NA,"4tcxev3874jk89a",22,0.895061728395047,256.688933251577,515.377866503154,515.495513561977,516.96138544161,0.932556012802926,188.288365014039,378.576730028078,378.694377086901,380.160248966534,0.659122085048011,158.170940742606,318.341881485213,318.459528544036,319.925400423669,0.927069044352995,215.852900763504,433.705801527008,433.823448585831,435.289320465464,0.907864654778235,197.754230883484,397.508461766967,397.626108825791,399.091980705423,0.97782350251486,211.7900373473,425.5800746946,425.697721753424,427.163593633056,0.0310166133211401,0.0679012345679013,0.546410608139003,0.297210791037952,128.458301561336,264.916603122672,266.206925703317,271.250678876497,0.203703703703704,0.141975308641975,3.39506172839506,1.54870487545367e-08,129.637545131521,267.275090263042,268.565412843687,273.609166016867,0.475308641975309,0.0925925925925926,0.555555555555556,0.222222222222222,120.984976521391,249.969953042782,251.260275623427,256.304028796606,0.845679012345679,0.796296296296296,5.74074074074074,-0.296296296296296,131.184206101842,270.368412203684,271.65873478433,276.702487957509,0.0555555555555556,0.187242798353909,2.03703703703704,-0.123456790123457,122.983566797114,253.967133594228,255.257456174873,260.301209348052,0.0925925925925926,0.0185185185185185,2.40740740751363,0,123.213781709322,254.427563418644,255.717885999289,260.761639172468,0.293333343382717,0.166666666666667,0.511268246034595,128.195536976052,262.391073952105,263.141073952105,267.141630767473,-0.00583333457444812,0.166666666666667,2.96296296296362,128.063595779902,262.127191559805,262.877191559805,266.877748375173,0.222777778797342,0.166666666666667,1.12424308307556,120.251108979484,246.502217958969,247.252217958969,251.252774774337,-0.349166664176641,0.166666666666667,9.9999999999998,130.235209845441,266.470419690883,267.220419690883,271.220976506251,-0.117777777106672,0.166666666666667,2.17145946070785,122.592692173558,251.185384347116,251.935384347116,255.935941162484,-0.00555555083774151,0.166666666666667,2.63480041353628,122.859690016241,251.719380032481,252.469380032481,256.46993684785,20,0.475737879857176,156.417091827276,316.834183654553,317.197820018189,320.001221531465,19.9999999999999,2.29205319519956,128.968921011288,261.937842022576,262.301478386213,265.104879899489,20,0.472310014805453,139.920359999626,283.840719999252,284.204356362888,287.007757876164,0.125781130925164,2.89302971364016,153.141051516196,310.282103032392,310.645739396028,313.449140909304,8.55158554915672,0.645901769952883,126.229202385336,256.458404770672,256.822041134308,259.625442647584,19.9999999999997,2.09375041106949,123.847378416154,251.694756832307,252.058393195944,254.86179470922
"23",NA,"4tcxev3874jk89a",23,0.996570644718793,252.13273549333,506.265470986661,506.383118045484,507.848989925117,0.871742112482853,177.297517729936,356.595035459872,356.712682518696,358.178554398329,0.829522938576436,160.653871879642,323.307743759284,323.425390818108,324.89126269774,0.664609053497942,216.543576208066,435.087152416133,435.204799474957,436.670671354589,0.896433470507545,204.468642844856,410.937285689713,411.054932748536,412.520804628169,0.969135802469136,212.779212355718,427.558424711435,427.676071770259,429.141943649891,0.0683584819387289,0.26588934613626,0.555555555555556,0.296296296296296,128.843999278985,265.687998557971,266.978321138616,272.022074311795,0.166666666666667,0.117283950617284,2.77777777777778,4.18150316150445e-07,130.202277858873,268.404555717746,269.694878298391,274.738631471571,0.240588324950465,0.277778405003252,0.555555555555556,0.222256107884888,121.380240303696,250.760480607392,252.050803188037,257.094556361216,0.95679012345679,0.911522633744856,5.37037037037037,-0.296296296296296,131.585756792036,271.171513584072,272.461836164717,277.505589337896,0.166666666666667,0.117283950617284,2.03703703703704,-0.123456790123457,122.006979712594,252.013959425188,253.304282005833,258.348035179012,0.061042524005487,0.170781893004115,2.65432098765432,6.3732796817817e-11,123.04881724415,254.097634488299,255.387957068944,260.431710242124,0.293333343382717,0.166666666666667,0.511268246034595,128.195536976052,262.391073952105,263.141073952105,267.141630767473,-0.00583333457444812,0.166666666666667,2.96296296296362,128.063595779902,262.127191559805,262.877191559805,266.877748375173,0.222777778797342,0.166666666666667,1.12424308307556,120.251108979484,246.502217958969,247.252217958969,251.252774774337,-0.349166664176641,0.166666666666667,9.9999999999998,130.235209845441,266.470419690883,267.220419690883,271.220976506251,-0.117777777106672,0.166666666666667,2.17145946070785,122.592692173558,251.185384347116,251.935384347116,255.935941162484,-0.00555555083774151,0.166666666666667,2.63480041353628,122.859690016241,251.719380032481,252.469380032481,256.46993684785,20,0.475737879857176,156.417091827276,316.834183654553,317.197820018189,320.001221531465,19.9999999999999,2.29205319519956,128.968921011288,261.937842022576,262.301478386213,265.104879899489,20,0.472310014805453,139.920359999626,283.840719999252,284.204356362888,287.007757876164,0.125781130925164,2.89302971364016,153.141051516196,310.282103032392,310.645739396028,313.449140909304,8.55158554915672,0.645901769952883,126.229202385336,256.458404770672,256.822041134308,259.625442647584,19.9999999999997,2.09375041106949,123.847378416154,251.694756832307,252.058393195944,254.86179470922
"24",NA,"4tcxev3874jk89a",24,0.974317939338515,252.275114584358,506.550229168717,506.66787622754,508.133748107173,0.954808718183204,191.585623696988,385.171247393976,385.288894452799,386.754766332432,0.881801554641061,159.045212152496,320.090424304992,320.208071363816,321.673943243448,0.755144032921811,224.239664116298,450.479328232595,450.596975291419,452.062847171051,0.904206675811614,200.152230201895,402.304460403791,402.422107462614,403.887979342247,0.81961572636392,213.218847736235,428.43769547247,428.555342531294,430.021214410926,0.0912208504801098,0.165294924554184,0.569272976680384,0.296296296296296,128.583646718889,265.167293437778,266.457616018423,271.501369191602,0.154320987654321,0.0925925925925926,3.14814814814815,0,128.657243380196,265.314486760393,266.604809341038,271.648562514217,0.446502057613169,0.277777777777778,0.185185185185185,0.222222222222222,119.716185689995,247.43237137999,248.722693960635,253.766447133814,0.709876543209876,0.648148148148148,6.11111111111111,-0.296296296296296,130.960426281708,269.920852563417,271.211175144062,276.254928317241,0.051440329218107,0.166666666666652,2.03703703703704,-0.0987654320987654,124.736308922001,257.472617844002,258.762940424647,263.806693597827,0.166666666666667,0.239368998628258,2.40740740740741,0,125.443998140586,258.887996281172,260.178318861818,265.222072034997,0.293333343382717,0.166666666666667,0.511268246034595,128.195536976052,262.391073952105,263.141073952105,267.141630767473,-0.00583333457444812,0.166666666666667,2.96296296296362,128.063595779902,262.127191559805,262.877191559805,266.877748375173,0.222777778797342,0.166666666666667,1.12424308307556,120.251108979484,246.502217958969,247.252217958969,251.252774774337,-0.349166664176641,0.166666666666667,9.9999999999998,130.235209845441,266.470419690883,267.220419690883,271.220976506251,-0.117777777106672,0.166666666666667,2.17145946070785,122.592692173558,251.185384347116,251.935384347116,255.935941162484,-0.00555555083774151,0.166666666666667,2.63480041353628,122.859690016241,251.719380032481,252.469380032481,256.46993684785,20,0.475737879857176,156.417091827276,316.834183654553,317.197820018189,320.001221531465,19.9999999999999,2.29205319519956,128.968921011288,261.937842022576,262.301478386213,265.104879899489,20,0.472310014805453,139.920359999626,283.840719999252,284.204356362888,287.007757876164,0.125781130925164,2.89302971364016,153.141051516196,310.282103032392,310.645739396028,313.449140909304,8.55158554915672,0.645901769952883,126.229202385336,256.458404770672,256.822041134308,259.625442647584,19.9999999999997,2.09375041106949,123.847378416154,251.694756832307,252.058393195944,254.86179470922
"25",NA,"4tcxev3874jk89a",25,0.919753086419753,257.590689382551,517.181378765103,517.299025823926,518.764897703559,0.915637860082305,196.181791986806,394.363583973612,394.481231032436,395.947102912068,0.868998628257887,159.386178183946,320.772356367891,320.890003426715,322.355875306348,0.815500685871056,209.538154964379,421.076309928758,421.193956987582,422.659828867214,0.969135802469136,197.154737831893,396.309475663786,396.427122722609,397.892994602242,0.930727023319616,193.105596157389,388.211192314778,388.328839373602,389.794711253235,0.0308641975308642,0.240740740740741,0.555555555555556,0.296296296296296,128.246491790808,264.492983581617,265.783306162262,270.827059335441,0.12962962962963,0.277777777777778,2.79166454978069,0,128.298265648823,264.596531297645,265.88685387829,270.93060705147,0.388431641518061,0.125514403292181,0.925925925925924,0.216735253772291,120.413219453602,248.826438907204,250.116761487849,255.160514661028,0.95679012345679,0.549382716049383,6.52263374485597,-0.296296296296296,131.637312737272,271.274625474545,272.56494805519,277.608701228369,0.117283950617284,0.0308641975308642,2.16049382716049,-0.123456790123457,123.407487301554,254.814974603108,256.105297183754,261.149050356933,0.0555555555555556,0.277777777777778,2.40740740740741,0,123.581541287259,255.163082574517,256.453405155163,261.497158328342,0.293333343382717,0.166666666666667,0.511268246034595,128.195536976052,262.391073952105,263.141073952105,267.141630767473,-0.00583333457444812,0.166666666666667,2.96296296296362,128.063595779902,262.127191559805,262.877191559805,266.877748375173,0.222777778797342,0.166666666666667,1.12424308307556,120.251108979484,246.502217958969,247.252217958969,251.252774774337,-0.349166664176641,0.166666666666667,9.9999999999998,130.235209845441,266.470419690883,267.220419690883,271.220976506251,-0.117777777106672,0.166666666666667,2.17145946070785,122.592692173558,251.185384347116,251.935384347116,255.935941162484,-0.00555555083774151,0.166666666666667,2.63480041353628,122.859690016241,251.719380032481,252.469380032481,256.46993684785,20,0.475737879857176,156.417091827276,316.834183654553,317.197820018189,320.001221531465,19.9999999999999,2.29205319519956,128.968921011288,261.937842022576,262.301478386213,265.104879899489,20,0.472310014805453,139.920359999626,283.840719999252,284.204356362888,287.007757876164,0.125781130925164,2.89302971364016,153.141051516196,310.282103032392,310.645739396028,313.449140909304,8.55158554915672,0.645901769952883,126.229202385336,256.458404770672,256.822041134308,259.625442647584,19.9999999999997,2.09375041106949,123.847378416154,251.694756832307,252.058393195944,254.86179470922
"26",NA,"4tcxev3874jk89a",26,0.778158817253467,256.688942506434,515.377885012867,515.495532071691,516.961403951323,0.810013717421125,198.479879423626,398.959758847252,399.077405906076,400.543277785708,0.916857186404512,156.737135364956,315.474270729913,315.591917788736,317.057789668369,0.906492912665752,221.180962540687,444.361925081374,444.479572140197,445.94544401983,0.969084997205842,199.792540952385,401.585081904769,401.702728963593,403.168600843225,0.890946502057613,205.635167349785,413.270334699569,413.387981758393,414.853853638025,0.0555555555555556,0.23891175125743,0.541838134430727,0.297210791037952,128.206952219,264.413904438001,265.704227018646,270.747980191825,0.12962962962963,0.203703703703704,3.51851851851852,0,128.932129115281,265.864258230562,267.154580811207,272.198333984386,0.537036827961879,0.277777777777778,0.183661027282427,0.213991769547325,123.827520991462,255.655041982925,256.94536456357,261.989117736749,0.932098765432099,0.907407407407407,5.24691358024735,-0.296296296296296,134.111395380168,276.222790760336,277.513113340982,282.556866514161,0.0390946502057613,0.191358024691358,2.16049382716049,-0.11522633744856,122.354172196821,252.708344393641,253.998666974287,259.042420147466,0.166666666666667,0.0555555555555556,2.77777770034253,0,125.595167626992,259.190335253983,260.480657834628,265.524411007808,0.293333343382717,0.166666666666667,0.511268246034595,128.195536976052,262.391073952105,263.141073952105,267.141630767473,-0.00583333457444812,0.166666666666667,2.96296296296362,128.063595779902,262.127191559805,262.877191559805,266.877748375173,0.222777778797342,0.166666666666667,1.12424308307556,120.251108979484,246.502217958969,247.252217958969,251.252774774337,-0.349166664176641,0.166666666666667,9.9999999999998,130.235209845441,266.470419690883,267.220419690883,271.220976506251,-0.117777777106672,0.166666666666667,2.17145946070785,122.592692173558,251.185384347116,251.935384347116,255.935941162484,-0.00555555083774151,0.166666666666667,2.63480041353628,122.859690016241,251.719380032481,252.469380032481,256.46993684785,20,0.475737879857176,156.417091827276,316.834183654553,317.197820018189,320.001221531465,19.9999999999999,2.29205319519956,128.968921011288,261.937842022576,262.301478386213,265.104879899489,20,0.472310014805453,139.920359999626,283.840719999252,284.204356362888,287.007757876164,0.125781130925164,2.89302971364016,153.141051516196,310.282103032392,310.645739396028,313.449140909304,8.55158554915672,0.645901769952883,126.229202385336,256.458404770672,256.822041134308,259.625442647584,19.9999999999997,2.09375041106949,123.847378416154,251.694756832307,252.058393195944,254.86179470922
"27",NA,"4tcxev3874jk89a",27,0.967764060356653,257.329655221903,516.659310443805,516.776957502629,518.242829382262,0.848422496570645,190.386615008813,382.773230017627,382.89087707645,384.356748956083,0.932098742201527,158.197168642802,318.394337285604,318.511984344427,319.97785622406,0.771604938271605,211.511517190149,425.023034380297,425.140681439121,426.606553318753,0.744932174973327,208.305448406344,418.610896812688,418.728543871512,420.194415751144,0.996875476299345,212.55939633451,427.118792669021,427.236439727844,428.702311607477,0.12962962962963,0.13145861911294,0.555555555555556,0.296296296296296,130.388086953974,268.776173907947,270.066496488592,275.110249661772,0.388888888888889,0.314814814814815,3.14814814814815,0,133.913201957135,275.826403914269,277.116726494914,282.160479668094,0.388888888888889,0.166666666666667,0.514572643059155,0.222222222200978,120.95784620091,249.91569240182,251.206014982465,256.249768155644,0.944444444444444,0.792181069958848,4.25925925925926,-0.222222222222222,136.068038721768,280.136077443535,281.42640002418,286.470153197359,0.0967078189300412,0.327160493827161,2.40740740740741,-0.123456790123457,124.146940486504,256.293880973007,257.584203553653,262.627956726832,0.0925925925925926,0.327160493827161,2.73662551440329,0,122.569324588613,253.138649177227,254.428971757872,259.472724931051,0.293333343382717,0.166666666666667,0.511268246034595,128.195536976052,262.391073952105,263.141073952105,267.141630767473,-0.00583333457444812,0.166666666666667,2.96296296296362,128.063595779902,262.127191559805,262.877191559805,266.877748375173,0.222777778797342,0.166666666666667,1.12424308307556,120.251108979484,246.502217958969,247.252217958969,251.252774774337,-0.349166664176641,0.166666666666667,9.9999999999998,130.235209845441,266.470419690883,267.220419690883,271.220976506251,-0.117777777106672,0.166666666666667,2.17145946070785,122.592692173558,251.185384347116,251.935384347116,255.935941162484,-0.00555555083774151,0.166666666666667,2.63480041353628,122.859690016241,251.719380032481,252.469380032481,256.46993684785,20,0.475737879857176,156.417091827276,316.834183654553,317.197820018189,320.001221531465,19.9999999999999,2.29205319519956,128.968921011288,261.937842022576,262.301478386213,265.104879899489,20,0.472310014805453,139.920359999626,283.840719999252,284.204356362888,287.007757876164,0.125781130925164,2.89302971364016,153.141051516196,310.282103032392,310.645739396028,313.449140909304,8.55158554915672,0.645901769952883,126.229202385336,256.458404770672,256.822041134308,259.625442647584,19.9999999999997,2.09375041106949,123.847378416154,251.694756832307,252.058393195944,254.86179470922
"28",NA,"4tcxev3874jk89a",28,0.87037037037037,250.42415381106,502.848307622121,502.965954680944,504.431826560577,0.931641518061271,188.588111393415,379.17622278683,379.293869845654,380.759741725287,0.696159122085048,160.181765157387,322.363530314774,322.481177373597,323.94704925323,0.758802011888431,211.906189113853,425.812378227706,425.930025286529,427.395897166162,0.820985772644564,211.422849982248,424.845699964497,424.96334702332,426.429218902953,0.848879743941472,205.525252962045,413.05050592409,413.168152982914,414.634024862546,0.0418381344307271,0.191358024691358,0.555555555555556,0.293552812071331,128.275037919939,264.550075839878,265.840398420523,270.884151593702,0.0925925925925926,0.203703703703704,2.90123456790123,0.00823045267489708,127.610215791589,263.220431583177,264.510754163822,269.554507337002,0.166666666666667,0.203703703703704,0.555555555555556,0.222222222222222,120.710756609825,249.42151321965,250.711835800295,255.755588973475,0.611111111111111,0.98148148148135,5,-0.246913580246914,134.319631271999,276.639262543999,277.929585124644,282.973338297823,0.154320987654321,0.0226337448559671,2.28395061728395,-0.148148148148148,124.670225522791,257.340451045582,258.630773626227,263.674526799407,0.203703703703704,0.203703703703704,2.40740740740741,0,125.486249434281,258.972498868562,260.262821449207,265.306574622386,0.293333343382717,0.166666666666667,0.511268246034595,128.195536976052,262.391073952105,263.141073952105,267.141630767473,-0.00583333457444812,0.166666666666667,2.96296296296362,128.063595779902,262.127191559805,262.877191559805,266.877748375173,0.222777778797342,0.166666666666667,1.12424308307556,120.251108979484,246.502217958969,247.252217958969,251.252774774337,-0.349166664176641,0.166666666666667,9.9999999999998,130.235209845441,266.470419690883,267.220419690883,271.220976506251,-0.117777777106672,0.166666666666667,2.17145946070785,122.592692173558,251.185384347116,251.935384347116,255.935941162484,-0.00555555083774151,0.166666666666667,2.63480041353628,122.859690016241,251.719380032481,252.469380032481,256.46993684785,20,0.475737879857176,156.417091827276,316.834183654553,317.197820018189,320.001221531465,19.9999999999999,2.29205319519956,128.968921011288,261.937842022576,262.301478386213,265.104879899489,20,0.472310014805453,139.920359999626,283.840719999252,284.204356362888,287.007757876164,0.125781130925164,2.89302971364016,153.141051516196,310.282103032392,310.645739396028,313.449140909304,8.55158554915672,0.645901769952883,126.229202385336,256.458404770672,256.822041134308,259.625442647584,19.9999999999997,2.09375041106949,123.847378416154,251.694756832307,252.058393195944,254.86179470922
"29",NA,"4tcxev3874jk89a",29,0.971422039323274,253.698928499571,509.397856999141,509.515504057965,510.981375937597,0.948712086572169,199.079379305154,400.158758610307,400.276405669131,401.742277548763,0.95679012345679,158.957785181171,319.915570362343,320.033217421166,321.499089300799,0.870375992169067,191.185937594011,384.371875188021,384.489522246845,385.955394126477,0.945818068233307,209.62434843316,421.248696866321,421.366343925144,422.832215804777,0.685185185185185,202.447822147519,406.895644295038,407.013291353861,408.479163233494,0.0679012345679013,0.216049382716049,0.555555555555556,0.296296296296296,128.156433020024,264.312866040047,265.603188620693,270.646941793872,0.501371742112483,0.162551440329218,2.41197988111568,0,137.17127286568,282.34254573136,283.632868312005,288.676621485185,0.351851851851852,0.0925982376218621,0.555499105262861,0.222222237709271,120.86598180628,249.73196361256,251.022286193206,256.066039366385,0.907407407407407,0.512345679012346,6.23456790123457,-0.296296296296296,129.422737462236,266.845474924471,268.135797505116,273.179550678296,0.051440329218107,0.12962962962963,2.16049382716049,-0.131687242798354,122.136445593495,252.27289118699,253.563213767636,258.606966940815,0.0926095276802699,0.0185185185185185,2.77777777777778,7.86926079854311e-13,124.34605339997,256.692106799939,257.982429380584,263.026182553764,0.293333343382717,0.166666666666667,0.511268246034595,128.195536976052,262.391073952105,263.141073952105,267.141630767473,-0.00583333457444812,0.166666666666667,2.96296296296362,128.063595779902,262.127191559805,262.877191559805,266.877748375173,0.222777778797342,0.166666666666667,1.12424308307556,120.251108979484,246.502217958969,247.252217958969,251.252774774337,-0.349166664176641,0.166666666666667,9.9999999999998,130.235209845441,266.470419690883,267.220419690883,271.220976506251,-0.117777777106672,0.166666666666667,2.17145946070785,122.592692173558,251.185384347116,251.935384347116,255.935941162484,-0.00555555083774151,0.166666666666667,2.63480041353628,122.859690016241,251.719380032481,252.469380032481,256.46993684785,20,0.475737879857176,156.417091827276,316.834183654553,317.197820018189,320.001221531465,19.9999999999999,2.29205319519956,128.968921011288,261.937842022576,262.301478386213,265.104879899489,20,0.472310014805453,139.920359999626,283.840719999252,284.204356362888,287.007757876164,0.125781130925164,2.89302971364016,153.141051516196,310.282103032392,310.645739396028,313.449140909304,8.55158554915672,0.645901769952883,126.229202385336,256.458404770672,256.822041134308,259.625442647584,19.9999999999997,2.09375041106949,123.847378416154,251.694756832307,252.058393195944,254.86179470922
"30",NA,"4tcxev3874jk89a",30,0.874485596707819,252.607343988417,507.214687976834,507.332335035657,508.79820691529,0.95679012345679,199.678873748991,401.357747497983,401.475394556806,402.941266436439,0.844612101813748,158.109741384722,318.219482769443,318.337129828267,319.803001707899,0.990626428898034,226.80502856819,455.61005713638,455.727704195204,457.193576074837,0.987578113092516,210.823349970653,423.646699941306,423.764347000129,425.230218879762,0.981481478900307,209.921594360168,421.843188720337,421.96083577916,423.426707658793,0.0925925925926072,0.277777777777776,0.555555555555556,0.296295041845348,128.927760289436,265.855520578873,267.145843159518,272.189596332697,0.0925925925925926,0.166666666666667,2.90123247714965,0,128.497642040273,264.995284080545,266.28560666119,271.32935983437,0.462962962962963,0.216049382716049,0.226337448559671,0.222222222222222,121.329652621278,250.659305242556,251.949627823201,256.993380996381,0.87037037037037,0.512345679012346,4.99999372774526,-0.246913580246914,130.744256516585,269.48851303317,270.778835613815,275.822588786994,0.0925925925925926,0.170781893004115,2.16049382716049,-0.123456790123457,122.328048630711,252.656097261421,253.946419842066,258.990173015246,0.154320987654321,0.11728395064915,2.77777777777778,-0.00274348422496573,123.64343275282,255.286865505639,256.577188086284,261.620941259464,0.293333343382717,0.166666666666667,0.511268246034595,128.195536976052,262.391073952105,263.141073952105,267.141630767473,-0.00583333457444812,0.166666666666667,2.96296296296362,128.063595779902,262.127191559805,262.877191559805,266.877748375173,0.222777778797342,0.166666666666667,1.12424308307556,120.251108979484,246.502217958969,247.252217958969,251.252774774337,-0.349166664176641,0.166666666666667,9.9999999999998,130.235209845441,266.470419690883,267.220419690883,271.220976506251,-0.117777777106672,0.166666666666667,2.17145946070785,122.592692173558,251.185384347116,251.935384347116,255.935941162484,-0.00555555083774151,0.166666666666667,2.63480041353628,122.859690016241,251.719380032481,252.469380032481,256.46993684785,20,0.475737879857176,156.417091827276,316.834183654553,317.197820018189,320.001221531465,19.9999999999999,2.29205319519956,128.968921011288,261.937842022576,262.301478386213,265.104879899489,20,0.472310014805453,139.920359999626,283.840719999252,284.204356362888,287.007757876164,0.125781130925164,2.89302971364016,153.141051516196,310.282103032392,310.645739396028,313.449140909304,8.55158554915672,0.645901769952883,126.229202385336,256.458404770672,256.822041134308,259.625442647584,19.9999999999997,2.09375041106949,123.847378416154,251.694756832307,252.058393195944,254.86179470922
