"","sub","rr","pu","lambda","omega","offset","model"
"1","1qs0vvu9krr584a","25","high",0.0617283950617287,0.5,-0.00416666644948849,"value_alt"
"2","1qs0vvu9krr584a","25","low",0.668219193949979,0.5,-0.00137174211217683,"value_alt"
"3","1qs0vvu9krr584a","50","high",0.0617283950617287,0.5,0.00333332474262416,"value_alt"
"4","1qs0vvu9krr584a","50","low",0.0617283950617287,0.5,0.00444444233999053,"value_alt"
"5","1qs0vvu9krr584a","75","high",0.576131687242435,0.5,-0.00411522633731742,"value_alt"
"6","1qs0vvu9krr584a","75","low",0.0617283950617287,0.5,0.000277773921869118,"value_alt"
"7","1tq0jt4dd31u8lq","25","high",1.85185185185191,0.5,0.00624904740068799,"value_alt"
"8","1tq0jt4dd31u8lq","25","low",1.72839506172847,0.5,0.00736676319310736,"value_alt"
"9","1tq0jt4dd31u8lq","50","high",1.68724279835391,0.5,-0.00397221891954058,"value_alt"
"10","1tq0jt4dd31u8lq","50","low",1.3783059152096,0.5,0.00235801330235463,"value_alt"
"11","1tq0jt4dd31u8lq","75","high",1.6193528584634,0.5,0.036495114223656,"value_alt"
"12","1tq0jt4dd31u8lq","75","low",1.81013508552281,0.5,-0.00960219478733615,"value_alt"
"13","22260uys7arz8j6","25","high",2.46557141948164,0.166666666666667,0.020555555422195,"value_alt"
"14","22260uys7arz8j6","25","low",1.18343912626675,0.166666666666667,0.0925000019810498,"value_alt"
"15","22260uys7arz8j6","50","high",3.99740772357551,0.166666666666667,-0.078611113542275,"value_alt"
"16","22260uys7arz8j6","50","low",1.54798136743184,0.166666666666667,-0.0119444482968478,"value_alt"
"17","22260uys7arz8j6","75","high",4.71467882278162,0.166666666666667,-0.0672222199722983,"value_alt"
"18","22260uys7arz8j6","75","low",2.80789397882853,0.166666666666667,-0.084722225416426,"value_alt"
"19","2bqu5ktkg43fh3p","25","high",1.56835848193895,0.5,0.0169181527205788,"value_alt"
"20","2bqu5ktkg43fh3p","25","low",0.823045267489639,0.5,-0.0019814052731929,"value_alt"
"21","2bqu5ktkg43fh3p","50","high",5.73341500521117,0.166666666666667,-0.506111048954032,"value_alt"
"22","2bqu5ktkg43fh3p","50","low",0.714653700482369,0.5,-0.00198140524880142,"value_alt"
"23","2bqu5ktkg43fh3p","75","high",1.42567095988591,0.5,-0.0277001586571888,"value_alt"
"24","2bqu5ktkg43fh3p","75","low",4.07407407407341,0.5,-0.470066531063711,"value_alt"
"25","2mzs709cn5dlwj2","25","high",9.99999999999939,0.166666666666667,0.00638888713936114,"value_alt"
"26","2mzs709cn5dlwj2","25","low",9.99999999999935,0.166666666666667,0.00472221853263211,"value_alt"
"27","2mzs709cn5dlwj2","50","high",9.99999999999994,0.5,0.00313055713608668,"value_alt"
"28","2mzs709cn5dlwj2","50","low",9.99999999999978,0.166666666666667,0.000833332089253958,"value_alt"
"29","2mzs709cn5dlwj2","75","high",9.99999999999978,0.5,0.0226125027974875,"value_alt"
"30","2mzs709cn5dlwj2","75","low",9.99999999999978,0.5,0.0162236127859474,"value_alt"
"31","2nzfnkk2uulwmkz","25","high",4.44444444444447,0.5,0.0329147631453564,"value_alt"
"32","2nzfnkk2uulwmkz","25","low",1.07605547935327,0.5,0.151042793638174,"value_alt"
"33","2nzfnkk2uulwmkz","50","high",2.22222222174423,0.5,-0.0531931105194824,"value_alt"
"34","2nzfnkk2uulwmkz","50","low",1.24828532235961,0.5,0.173898889917584,"value_alt"
"35","2nzfnkk2uulwmkz","75","high",2.09724127419419,0.5,-0.0772748056698236,"value_alt"
"36","2nzfnkk2uulwmkz","75","low",2.82118805286005,0.5,-0.272045250554624,"value_alt"
"37","2qu63bjtm9kxnnb","25","high",2.67876396439115,0.5,-0.057048665797332,"value_alt"
"38","2qu63bjtm9kxnnb","25","low",2.22448023393235,0.5,0.0781893004115215,"value_alt"
"39","2qu63bjtm9kxnnb","50","high",3.8988478613641,0.388888888888889,-0.215277767607321,"value_alt"
"40","2qu63bjtm9kxnnb","50","low",2.45058247277746,0.5,0.0205761316873736,"value_alt"
"41","2qu63bjtm9kxnnb","75","high",2.96296296296304,0.5,0.0973936899861521,"value_alt"
"42","2qu63bjtm9kxnnb","75","low",2.83340954121077,0.5,-0.0497157727751016,"value_alt"
"43","2usnf1r3h88bett","25","high",1.32759043365928,0.166666666666667,0.141666666817235,"value_alt"
"44","2usnf1r3h88bett","25","low",1.17451698553956,0.166666666666667,0.015000001652749,"value_alt"
"45","2usnf1r3h88bett","50","high",4.50542884168421,0.166666666666667,0.00555555372459726,"value_alt"
"46","2usnf1r3h88bett","50","low",1.18442526409593,0.166666666666667,0.0630555534024255,"value_alt"
"47","2usnf1r3h88bett","75","high",5.13615766431209,0.166666666666667,-0.0138888920078085,"value_alt"
"48","2usnf1r3h88bett","75","low",4.53318684701779,0.166666666666667,-0.00166666972535867,"value_alt"
"49","34aswcgc3uv5ln0","25","high",1.56104731724708,0.166666666666667,0.0686111191530965,"value_alt"
"50","34aswcgc3uv5ln0","25","low",0.752616084965674,0.166666666666667,0.102499999683806,"value_alt"
"51","34aswcgc3uv5ln0","50","high",1.94073911855842,0.166666666666667,0.0597222225556235,"value_alt"
"52","34aswcgc3uv5ln0","50","low",2.69415824571942,0.166666666666667,0.104722231167879,"value_alt"
"53","34aswcgc3uv5ln0","75","high",4.13589003979257,0.166666666666667,-0.15583333338424,"value_alt"
"54","34aswcgc3uv5ln0","75","low",3.34364627524901,0.166666666666667,-0.155000033224021,"value_alt"
"55","35q8u5ekgfaq26g","25","high",6.66666666666863,0.166666666666667,0.286388876729408,"value_alt"
"56","35q8u5ekgfaq26g","25","low",5.08917180346573,0.166666666666667,0.175000025187964,"value_alt"
"57","35q8u5ekgfaq26g","50","high",9.17356172232113,0.166666666666667,-0.375277781908374,"value_alt"
"58","35q8u5ekgfaq26g","50","low",4.44444444444437,0.5,-0.0807040384302812,"value_alt"
"59","35q8u5ekgfaq26g","75","high",3.20372346130025,0.5,-0.0772748056663267,"value_alt"
"60","35q8u5ekgfaq26g","75","low",5.67181586258336,0.462962962962963,-0.305277791679556,"value_alt"
"61","3jrram86yd3uhgb","25","high",1.97530864197528,0.5,-0.00770546494221358,"value_alt"
"62","3jrram86yd3uhgb","25","low",1.30315500685863,0.5,-0.00132281851284666,"value_alt"
"63","3jrram86yd3uhgb","50","high",3.33333333333321,0.5,-0.0731765144188722,"value_alt"
"64","3jrram86yd3uhgb","50","low",1.1385459533588,0.5,0.0267405036530519,"value_alt"
"65","3jrram86yd3uhgb","75","high",1.34583142813792,0.5,0.0498399634198172,"value_alt"
"66","3jrram86yd3uhgb","75","low",1.30772748056325,0.5,0.0864197530864197,"value_alt"
"67","3t9q259awsqqnjn","25","high",2.705552067485,0.166666666666667,-0.0272222206210971,"value_alt"
"68","3t9q259awsqqnjn","25","low",3.33333333333355,0.166666666666667,-0.0363888857683579,"value_alt"
"69","3t9q259awsqqnjn","50","high",5.74367546191165,0.166666666666667,-0.02027777971581,"value_alt"
"70","3t9q259awsqqnjn","50","low",2.0390024987126,0.166666666666667,-0.0133333319273902,"value_alt"
"71","3t9q259awsqqnjn","75","high",5.23694580592632,0.166666666666667,-0.0533333331291999,"value_alt"
"72","3t9q259awsqqnjn","75","low",4.04563191545608,0.166666666666667,-0.0980555522451989,"value_alt"
"73","4g3g9s2nj7eh7g9","25","high",1.06995884773641,0.5,-0.00116475768053859,"value_alt"
"74","4g3g9s2nj7eh7g9","25","low",2.18106995879463,0.5,-0.0281166362447161,"value_alt"
"75","4g3g9s2nj7eh7g9","50","high",1.49689241139437,0.5,0.0122440684844027,"value_alt"
"76","4g3g9s2nj7eh7g9","50","low",1.05311157186638,0.5,-0.00759927296819529,"value_alt"
"77","4g3g9s2nj7eh7g9","75","high",3.71843073844244,0.166666666666667,-0.555833339069198,"value_alt"
"78","4g3g9s2nj7eh7g9","75","low",0.981175779834353,0.5,-0.0106513359384506,"value_alt"
"79","4ns4fa2xqw95lgx","25","high",6.66666666666863,0.166666666666667,0.0122222214515637,"value_alt"
"80","4ns4fa2xqw95lgx","25","low",4.74160123300379,0.166666666666667,0.0219444459996023,"value_alt"
"81","4ns4fa2xqw95lgx","50","high",5.02694302520484,0.166666666666667,0.0416666656987261,"value_alt"
"82","4ns4fa2xqw95lgx","50","low",6.66666666666674,0.166666666666667,0.0222222268573218,"value_alt"
"83","4ns4fa2xqw95lgx","75","high",8.06601239151293,0.166666666666667,-0.00833333428693395,"value_alt"
"84","4ns4fa2xqw95lgx","75","low",7.86839826894132,0.166666666666667,-0.0222222268683369,"value_alt"
"85","4tcxev3874jk89a","25","high",2.63480041353628,0.166666666666667,-0.00555555083774151,"value_alt"
"86","4tcxev3874jk89a","25","low",1.12424308307556,0.166666666666667,0.222777778797342,"value_alt"
"87","4tcxev3874jk89a","50","high",2.96296296296362,0.166666666666667,-0.00583333457444812,"value_alt"
"88","4tcxev3874jk89a","50","low",2.17145946070785,0.166666666666667,-0.117777777106672,"value_alt"
"89","4tcxev3874jk89a","75","high",9.9999999999998,0.166666666666667,-0.349166664176641,"value_alt"
"90","4tcxev3874jk89a","75","low",0.511268246034595,0.166666666666667,0.293333343382717,"value_alt"
"91","57znvber9kc1tnj","25","high",1.66193425029129,0.5,-0.0247496899619429,"value_alt"
"92","57znvber9kc1tnj","25","low",0.896204846822218,0.5,-0.0123456790123474,"value_alt"
"93","57znvber9kc1tnj","50","high",1.44032921810682,0.5,-0.0260631001371499,"value_alt"
"94","57znvber9kc1tnj","50","low",1.11111111111111,0.5,0.0259226016061285,"value_alt"
"95","57znvber9kc1tnj","75","high",1.66042891022678,0.5,-0.0873342479260356,"value_alt"
"96","57znvber9kc1tnj","75","low",0.796666256646343,0.5,-0.0370370370370385,"value_alt"
"97","5cp1qjka53bl73q","25","high",0.905349794238465,0.5,-0.00104861411577806,"value_alt"
"98","5cp1qjka53bl73q","25","low",0.370370370369277,0.5,0.0825663663034335,"value_alt"
"99","5cp1qjka53bl73q","50","high",0.537150904661419,0.5,0.0765995631744198,"value_alt"
"100","5cp1qjka53bl73q","50","low",0.717652570939626,0.5,-0.00563938423998867,"value_alt"
"101","5cp1qjka53bl73q","75","high",2.3250182052725,0.5,-0.171196802687288,"value_alt"
"102","5cp1qjka53bl73q","75","low",0.517269185741939,0.5,0.00990702636675156,"value_alt"
"103","5jwar0bvwr53h40","25","high",2.18276590683876,0.166666666666667,0.0544444411170892,"value_alt"
"104","5jwar0bvwr53h40","25","low",1.49519890260561,0.5,0.00228623685418117,"value_alt"
"105","5jwar0bvwr53h40","50","high",2.71604938271607,0.5,0.00685871056236786,"value_alt"
"106","5jwar0bvwr53h40","50","low",4.07407407407429,0.166666666666667,0.081111109430273,"value_alt"
"107","5jwar0bvwr53h40","75","high",2.75720164609119,0.5,0.0766613791235264,"value_alt"
"108","5jwar0bvwr53h40","75","low",6.92166491225507,0.166666666666667,0.0069444442831208,"value_alt"
"109","5o4n9abwu4u5bb5","25","high",0.946502057612513,0.5,-0.0120145037039239,"value_alt"
"110","5o4n9abwu4u5bb5","25","low",0.940913478631797,0.5,-0.00411522633741124,"value_alt"
"111","5o4n9abwu4u5bb5","50","high",0.823045267489656,0.5,-0.00320073159577861,"value_alt"
"112","5o4n9abwu4u5bb5","50","low",3.7970137187728,0.388888888888889,-0.241944436758997,"value_alt"
"113","5o4n9abwu4u5bb5","75","high",2.30979544346857,0.5,-0.116902911145132,"value_alt"
"114","5o4n9abwu4u5bb5","75","low",0.714493897094844,0.5,-0.00703785700591453,"value_alt"
"115","5pgqs0v0feqyejp","25","high",1.58545873960008,0.5,0.0730455854761065,"value_alt"
"116","5pgqs0v0feqyejp","25","low",1.23626141006459,0.5,0.0100960293442676,"value_alt"
"117","5pgqs0v0feqyejp","50","high",1.13643076824554,0.5,0.0112279632181691,"value_alt"
"118","5pgqs0v0feqyejp","50","low",1.31771918235626,0.5,0.00290022122719447,"value_alt"
"119","5pgqs0v0feqyejp","75","high",1.52034704118637,0.5,0.0205761316872763,"value_alt"
"120","5pgqs0v0feqyejp","75","low",1.3016308489553,0.5,0.00960219478777269,"value_alt"
"121","6be4c2orpqft8ul","25","high",1.21046653007554,0.166666666666667,0.186944443657904,"value_alt"
"122","6be4c2orpqft8ul","25","low",9.99999999999804,0.5,0.206612355621253,"value_alt"
"123","6be4c2orpqft8ul","50","high",2.59259259259267,0.166666666666667,-0.026944480774984,"value_alt"
"124","6be4c2orpqft8ul","50","low",1.51753165280199,0.166666666666667,0.238333337088943,"value_alt"
"125","6be4c2orpqft8ul","75","high",2.52298397413876,0.166666666666667,-0.0586111076846015,"value_alt"
"126","6be4c2orpqft8ul","75","low",2.88070687195896,0.166666666666667,-0.109166667694029,"value_alt"
"127","6wyn194o3vd7jmv","25","high",1.48148148147951,0.5,-0.0329160495544341,"value_alt"
"128","6wyn194o3vd7jmv","25","low",0.647663973053703,0.5,-0.000536278068184348,"value_alt"
"129","6wyn194o3vd7jmv","50","high",1.0519407631963,0.5,-0.021490626439519,"value_alt"
"130","6wyn194o3vd7jmv","50","low",0.797106357996467,0.5,-0.00431656571472649,"value_alt"
"131","6wyn194o3vd7jmv","75","high",1.06192714810187,0.5,-0.0759855166046688,"value_alt"
"132","6wyn194o3vd7jmv","75","low",0.830910674904931,0.5,-0.012345679012331,"value_alt"
"133","70kcrqfjf2xhh4m","25","high",1.04840571844694,0.166666666666667,0.126111115217569,"value_alt"
"134","70kcrqfjf2xhh4m","25","low",0.943091899819475,0.166666666666667,0.140833341418864,"value_alt"
"135","70kcrqfjf2xhh4m","50","high",1.91140640732755,0.166666666666667,0.0430555539817554,"value_alt"
"136","70kcrqfjf2xhh4m","50","low",2.33636095845352,0.166666666666667,0.0111111108529933,"value_alt"
"137","70kcrqfjf2xhh4m","75","high",3.28953460339479,0.166666666666667,-0.084166674003656,"value_alt"
"138","70kcrqfjf2xhh4m","75","low",3.00983517420525,0.166666666666667,-0.134166667658533,"value_alt"
"139","7bwng7h1w9q6djl","25","high",2.13656516670874,0.166666666666667,0.0200000036270283,"value_alt"
"140","7bwng7h1w9q6djl","25","low",1.04474356772827,0.166666666666667,0.0822222440581448,"value_alt"
"141","7bwng7h1w9q6djl","50","high",3.44248689180696,0.166666666666667,-0.0119444482968769,"value_alt"
"142","7bwng7h1w9q6djl","50","low",2.81163094345276,0.166666666666667,0.00833333313974438,"value_alt"
"143","7bwng7h1w9q6djl","75","high",2.96797858566535,0.166666666666667,-0.0663888894115802,"value_alt"
"144","7bwng7h1w9q6djl","75","low",2.92148698441995,0.166666666666667,-0.165555558248581,"value_alt"
"145","7pjw0pz87exlgmd","25","high",1.16755434429282,0.166666666666667,0.0844444445476913,"value_alt"
"146","7pjw0pz87exlgmd","25","low",1.12115976653986,0.166666666666667,0.171111105071162,"value_alt"
"147","7pjw0pz87exlgmd","50","high",2.6240644835136,0.166666666666667,0.0155555582916018,"value_alt"
"148","7pjw0pz87exlgmd","50","low",1.36148763417621,0.166666666666667,0.0269444448509797,"value_alt"
"149","7pjw0pz87exlgmd","75","high",3.77365672831,0.166666666666667,0.0122222222824497,"value_alt"
"150","7pjw0pz87exlgmd","75","low",2.72141816079745,0.166666666666667,-0.0744444468449369,"value_alt"
"151","85aq8xl8ayntz3l","25","high",3.66386524539233,0.166666666666667,0.0011111113019906,"value_alt"
"152","85aq8xl8ayntz3l","25","low",1.39018167670085,0.166666666666667,0.169722242026286,"value_alt"
"153","85aq8xl8ayntz3l","50","high",4.89459406211219,0.166666666666667,-0.0577777805654466,"value_alt"
"154","85aq8xl8ayntz3l","50","low",3.10308834750348,0.166666666666667,0.0299999988442075,"value_alt"
"155","85aq8xl8ayntz3l","75","high",4.15790275873175,0.5,-0.0986335082834676,"value_alt"
"156","85aq8xl8ayntz3l","75","low",7.50064274048586,0.166666666666667,-0.0286111145763384,"value_alt"
"157","8epzoljwn0gbtge","25","high",1.81202547620025,0.388888888888889,0.349999990148516,"value_alt"
"158","8epzoljwn0gbtge","25","low",0.985596440667339,0.166666666666667,0.455555530059284,"value_alt"
"159","8epzoljwn0gbtge","50","high",2.45842788918683,0.388888888888889,0.423888887301466,"value_alt"
"160","8epzoljwn0gbtge","50","low",2.14491818962339,0.166666666666667,-0.0111111108529935,"value_alt"
"161","8epzoljwn0gbtge","75","high",4.95023926058161,0.388888888888889,-0.300277780785056,"value_alt"
"162","8epzoljwn0gbtge","75","low",2.99026759795647,0.166666666666667,-0.0888888868239492,"value_alt"
"163","8es63ovt8uw2mgg","25","high",1.06995884773597,0.5,0.144032921810744,"value_alt"
"164","8es63ovt8uw2mgg","25","low",1.11111111111128,0.5,0.0781893004113918,"value_alt"
"165","8es63ovt8uw2mgg","50","high",1.44032921810519,0.5,0.0470964791953752,"value_alt"
"166","8es63ovt8uw2mgg","50","low",0.939654497725855,0.5,0.00025759780264667,"value_alt"
"167","8es63ovt8uw2mgg","75","high",1.03947568968735,0.5,-0.0288065843621449,"value_alt"
"168","8es63ovt8uw2mgg","75","low",0.941590882146757,0.5,0.0071635421430094,"value_alt"
"169","8le0rzndxgpur8r","25","high",3.6213991769549,0.5,0.00272654912711845,"value_alt"
"170","8le0rzndxgpur8r","25","low",1.15425876444618,0.166666666666667,0.0777777759709553,"value_alt"
"171","8le0rzndxgpur8r","50","high",9.99999999999935,0.5,0.00924589369276418,"value_alt"
"172","8le0rzndxgpur8r","50","low",1.23456790123459,0.5,0.0324645633286298,"value_alt"
"173","8le0rzndxgpur8r","75","high",4.97942386831259,0.5,-0.00350556317211503,"value_alt"
"174","8le0rzndxgpur8r","75","low",2.1575300734029,0.5,-0.0963060809818304,"value_alt"
"175","96deaxjjts0yvax","25","high",9.99999999999935,0.5,0.00337083449114739,"value_alt"
"176","96deaxjjts0yvax","25","low",9.99999999999935,0.5,0.00337083235569469,"value_alt"
"177","96deaxjjts0yvax","50","high",9.99999999999993,0.166666666666667,0.00277777769191978,"value_alt"
"178","96deaxjjts0yvax","50","low",9.99999999999983,0.166666666666667,-0.000555551406591914,"value_alt"
"179","96deaxjjts0yvax","75","high",9.99999999999993,0.5,0.0259458341290009,"value_alt"
"180","96deaxjjts0yvax","75","low",9.99999999999978,0.5,0.016223612231508,"value_alt"
"181","9h1m4d4lp6ksfjt","25","high",1.80663892301267,0.166666666666667,-0.026666668571,"value_alt"
"182","9h1m4d4lp6ksfjt","25","low",1.26809776249834,0.166666666666667,-0.000555551412768973,"value_alt"
"183","9h1m4d4lp6ksfjt","50","high",2.05473633326605,0.166666666666667,-0.0819444442616112,"value_alt"
"184","9h1m4d4lp6ksfjt","50","low",1.23265110824703,0.166666666666667,0.0286111147675367,"value_alt"
"185","9h1m4d4lp6ksfjt","75","high",2.24584050931154,0.166666666666667,-0.198055560246754,"value_alt"
"186","9h1m4d4lp6ksfjt","75","low",1.54151826157987,0.166666666666667,-0.0408333334172216,"value_alt"
"187","9ho9tv1b4jdy3p6","25","high",1.30138030679991,0.166666666666667,0.0761111116628768,"value_alt"
"188","9ho9tv1b4jdy3p6","25","low",1.51175630001334,0.166666666666667,0.041111114285959,"value_alt"
"189","9ho9tv1b4jdy3p6","50","high",3.48458093982393,0.166666666666667,-0.0988888931306194,"value_alt"
"190","9ho9tv1b4jdy3p6","50","low",2.99259344283157,0.166666666666667,-0.0266666674238112,"value_alt"
"191","9ho9tv1b4jdy3p6","75","high",6.97838560595304,0.166666666666667,-0.00777777484384257,"value_alt"
"192","9ho9tv1b4jdy3p6","75","low",3.13573984725462,0.166666666666667,-0.419166669318853,"value_alt"
"193","9jfa3uck1pm1a27","25","high",2.78298797947387,0.166666666666667,0.0511111119887102,"value_alt"
"194","9jfa3uck1pm1a27","25","low",1.89335945261863,0.166666666666667,0.0316666645544053,"value_alt"
"195","9jfa3uck1pm1a27","50","high",3.92654480474143,0.166666666666667,0.0355555538245751,"value_alt"
"196","9jfa3uck1pm1a27","50","low",1.61163300013284,0.166666666666667,0.0366666714573483,"value_alt"
"197","9jfa3uck1pm1a27","75","high",3.93438666040424,0.166666666666667,-0.00694444428303354,"value_alt"
"198","9jfa3uck1pm1a27","75","low",5.1939120210031,0.166666666666667,0.00833333313974505,"value_alt"
"199","9oe8onshjdy2khe","25","high",1.48148148148151,0.5,0.0274103726914119,"value_alt"
"200","9oe8onshjdy2khe","25","low",0.987654320987727,0.5,0.00411522633740535,"value_alt"
"201","9oe8onshjdy2khe","50","high",1.31026774230427,0.5,0.037037037323834,"value_alt"
"202","9oe8onshjdy2khe","50","low",1.00374265424633,0.5,0.00622660710317846,"value_alt"
"203","9oe8onshjdy2khe","75","high",1.35802469135799,0.5,0.0452674897119383,"value_alt"
"204","9oe8onshjdy2khe","75","low",1.11111111111112,0.5,0.0123456790123446,"value_alt"
"205","9p57f5mpldrqae2","25","high",2.06130415833526,0.166666666666667,0.0147222214213316,"value_alt"
"206","9p57f5mpldrqae2","25","low",1.01144982388985,0.166666666666667,0.0997222351632288,"value_alt"
"207","9p57f5mpldrqae2","50","high",2.65003208180866,0.166666666666667,-0.0886111162799137,"value_alt"
"208","9p57f5mpldrqae2","50","low",2.37268492787432,0.166666666666667,-0.064166668273448,"value_alt"
"209","9p57f5mpldrqae2","75","high",5.13530709261554,0.166666666666667,-0.0158333236732867,"value_alt"
"210","9p57f5mpldrqae2","75","low",1.7695473250996,0.5,0.0370370370515927,"value_alt"
"211","a39zpu2zr3xl47k","25","high",9.99999999999804,0.166666666666667,0.00444444407336309,"value_alt"
"212","a39zpu2zr3xl47k","25","low",9.99999999999935,0.166666666666667,0.0100000034410574,"value_alt"
"213","a39zpu2zr3xl47k","50","high",9.99999999999944,0.5,0.00971167026006992,"value_alt"
"214","a39zpu2zr3xl47k","50","low",9.99999999999978,0.166666666666667,0.00861111350019184,"value_alt"
"215","a39zpu2zr3xl47k","75","high",9.99999999999998,0.166666666666667,0.0100000038848673,"value_alt"
"216","a39zpu2zr3xl47k","75","low",9.99999999999978,0.5,0.0142437792307435,"value_alt"
"217","ajztaxb5eyxtfch","25","high",1.62422043455735,0.166666666666667,0.033888894105252,"value_alt"
"218","ajztaxb5eyxtfch","25","low",1.28948940281783,0.166666666666667,0.0874999979460807,"value_alt"
"219","ajztaxb5eyxtfch","50","high",0.714779968695844,0.388888888888889,0.369166660346851,"value_alt"
"220","ajztaxb5eyxtfch","50","low",1.65833597951783,0.166666666666667,0.0355555536971097,"value_alt"
"221","ajztaxb5eyxtfch","75","high",3.15106312046407,0.166666666666667,0.00472222830734159,"value_alt"
"222","ajztaxb5eyxtfch","75","low",1.98165974157116,0.166666666666667,-0.0744444468449369,"value_alt"
"223","as5hvtlqa9ouc2z","25","high",1.52732400951987,0.166666666666667,0.0997222219705578,"value_alt"
"224","as5hvtlqa9ouc2z","25","low",1.28174697974393,0.166666666666667,0.0486111151654407,"value_alt"
"225","as5hvtlqa9ouc2z","50","high",3.33333333333336,0.166666666666667,-0.00444444723999726,"value_alt"
"226","as5hvtlqa9ouc2z","50","low",3.42828215348552,0.166666666666667,-0.00555555886806314,"value_alt"
"227","as5hvtlqa9ouc2z","75","high",3.65741127594313,0.166666666666667,-0.166944445384422,"value_alt"
"228","as5hvtlqa9ouc2z","75","low",3.32721444673764,0.166666666666667,-0.139166676855854,"value_alt"
"229","au7m9jjmgy8d4gj","25","high",1.31687242798726,0.5,-0.111111111111155,"value_alt"
"230","au7m9jjmgy8d4gj","25","low",0.603545282169171,0.5,-0.00106691053075092,"value_alt"
"231","au7m9jjmgy8d4gj","50","high",0.841335162322744,0.5,0.01234567901235,"value_alt"
"232","au7m9jjmgy8d4gj","50","low",1.13492518703533,0.5,0.0329324736282519,"value_alt"
"233","au7m9jjmgy8d4gj","75","high",1.03682253587353,0.5,0.0205761316766222,"value_alt"
"234","au7m9jjmgy8d4gj","75","low",0.479334563742874,0.5,0.0123456790127243,"value_alt"
"235","b3jqszmpuje1kzj","25","high",1.39585742198575,0.166666666666667,0.0361111205969282,"value_alt"
"236","b3jqszmpuje1kzj","25","low",3.33333333333336,0.166666666666667,-0.00611110741286258,"value_alt"
"237","b3jqszmpuje1kzj","50","high",3.11607718041985,0.166666666666667,-0.00194444542230188,"value_alt"
"238","b3jqszmpuje1kzj","50","low",3.2501338497107,0.166666666666667,-0.0236111088418282,"value_alt"
"239","b3jqszmpuje1kzj","75","high",5.16515750151768,0.166666666666667,-0.021388884262133,"value_alt"
"240","b3jqszmpuje1kzj","75","low",3.21610579127975,0.166666666666667,-0.126944442527922,"value_alt"
"241","bdov3ye1qvundbp","25","high",2.02538915022534,0.166666666666667,0.0983333383376552,"value_alt"
"242","bdov3ye1qvundbp","25","low",1.47248323513422,0.166666666666667,0.0263889118003113,"value_alt"
"243","bdov3ye1qvundbp","50","high",2.44816997361576,0.166666666666667,-0.178055539029584,"value_alt"
"244","bdov3ye1qvundbp","50","low",3.04316136723476,0.166666666666667,-0.196388880196783,"value_alt"
"245","bdov3ye1qvundbp","75","high",3.1244513890436,0.166666666666667,-0.42361113224448,"value_alt"
"246","bdov3ye1qvundbp","75","low",3.25609736918173,0.166666666666667,-0.410555527777813,"value_alt"
"247","brsvshywlogvxcq","25","high",1.358024691358,0.5,-0.00265504542962403,"value_alt"
"248","brsvshywlogvxcq","25","low",0.0617283950617287,0.5,-0.000277775706384986,"value_alt"
"249","brsvshywlogvxcq","50","high",0.629886762629616,0.5,-0.000457247370521885,"value_alt"
"250","brsvshywlogvxcq","50","low",0.553269318701199,0.5,-0.00197555106123271,"value_alt"
"251","brsvshywlogvxcq","75","high",0.916319967941097,0.5,-0.0336838896512742,"value_alt"
"252","brsvshywlogvxcq","75","low",0.697386915898048,0.5,-0.0205761316871113,"value_alt"
"253","bx1xq7e3jhb986v","25","high",3.33333333333332,0.5,-0.0992106692632775,"value_alt"
"254","bx1xq7e3jhb986v","25","low",1.89439241586191,0.166666666666667,0.038055555703973,"value_alt"
"255","bx1xq7e3jhb986v","50","high",2.22714374007166,0.166666666666667,0.0580555579926147,"value_alt"
"256","bx1xq7e3jhb986v","50","low",1.63898882115023,0.166666666666667,0.175277766478685,"value_alt"
"257","bx1xq7e3jhb986v","75","high",3.65683745497474,0.166666666666667,0.000277775706297723,"value_alt"
"258","bx1xq7e3jhb986v","75","low",3.23461283174417,0.166666666666667,-0.156388897989681,"value_alt"
"259","c2se350v0tr4hzv","25","high",3.33333333333335,0.166666666666667,-0.0119444448757975,"value_alt"
"260","c2se350v0tr4hzv","25","low",1.71264601369886,0.166666666666667,-0.0155555582916008,"value_alt"
"261","c2se350v0tr4hzv","50","high",2.95328413825837,0.166666666666667,-0.054722216821114,"value_alt"
"262","c2se350v0tr4hzv","50","low",3.33598559798077,0.166666666666667,-0.0380555557039731,"value_alt"
"263","c2se350v0tr4hzv","75","high",3.1014163657204,0.166666666666667,-0.179444446814823,"value_alt"
"264","c2se350v0tr4hzv","75","low",4.44614934911199,0.166666666666667,-0.0563888865464727,"value_alt"
"265","cavjhtxfs1z091j","25","high",0.86419753086427,0.5,0.00917995518451531,"value_alt"
"266","cavjhtxfs1z091j","25","low",0.905349794238887,0.5,0.00273262754964865,"value_alt"
"267","cavjhtxfs1z091j","50","high",0.892648478384328,0.5,-0.00321202166416767,"value_alt"
"268","cavjhtxfs1z091j","50","low",0.524818371189156,0.5,0.00275331072317142,"value_alt"
"269","cavjhtxfs1z091j","75","high",0.92590397372476,0.5,-0.044601376268758,"value_alt"
"270","cavjhtxfs1z091j","75","low",0.94650205761295,0.5,-0.0370370370370223,"value_alt"
"271","cl4vc26ycu0woo2","25","high",1.27572016460922,0.5,0.00411522633743444,"value_alt"
"272","cl4vc26ycu0woo2","25","low",1.11111111111133,0.5,0.00763716678804505,"value_alt"
"273","cl4vc26ycu0woo2","50","high",2.22222222222202,0.5,-0.0864197530864179,"value_alt"
"274","cl4vc26ycu0woo2","50","low",0.977218351677489,0.5,-0.00280714976159491,"value_alt"
"275","cl4vc26ycu0woo2","75","high",1.24371284891273,0.5,-0.0205761316873416,"value_alt"
"276","cl4vc26ycu0woo2","75","low",0.720926688002911,0.5,-0.00289590001519779,"value_alt"
"277","djb1vpwld9c7hmk","25","high",1.4540466392316,0.5,0.283950617284081,"value_alt"
"278","djb1vpwld9c7hmk","25","low",1.26969767724391,0.5,0.265228579586042,"value_alt"
"279","djb1vpwld9c7hmk","50","high",1.42661179698195,0.5,0.212620027434885,"value_alt"
"280","djb1vpwld9c7hmk","50","low",1.24168063869832,0.5,0.11111111110757,"value_alt"
"281","djb1vpwld9c7hmk","75","high",1.35802469135781,0.5,0.0638622161256923,"value_alt"
"282","djb1vpwld9c7hmk","75","low",1.41526528814855,0.5,0.0370370370371675,"value_alt"
"283","ds2ot3x1v6q63xg","25","high",4.88803352455975,0.462962962962963,-0.0449999999870943,"value_alt"
"284","ds2ot3x1v6q63xg","25","low",9.9999999999993,0.5,0.00304711346668207,"value_alt"
"285","ds2ot3x1v6q63xg","50","high",9.99999999999978,0.5,0.010352782157913,"value_alt"
"286","ds2ot3x1v6q63xg","50","low",9.99999999999978,0.166666666666667,-0.00388889103344203,"value_alt"
"287","ds2ot3x1v6q63xg","75","high",9.99999999999993,0.5,0.0048347260736743,"value_alt"
"288","ds2ot3x1v6q63xg","75","low",9.24993204218479,0.166666666666667,0.0402777768420888,"value_alt"
"289","dtua0nm03dd9yb7","25","high",0.867245846675616,0.5,0.0119693437218129,"value_alt"
"290","dtua0nm03dd9yb7","25","low",0.740740740740763,0.5,0.0288065843621386,"value_alt"
"291","dtua0nm03dd9yb7","50","high",3.82716049382724,0.5,-0.0658756099291868,"value_alt"
"292","dtua0nm03dd9yb7","50","low",0.783401594188024,0.5,0.0020024134552159,"value_alt"
"293","dtua0nm03dd9yb7","75","high",2.96296296296274,0.5,-0.245135396018767,"value_alt"
"294","dtua0nm03dd9yb7","75","low",0.875069835823691,0.5,0.0864197530863762,"value_alt"
"295","duzv7z4jux5olpv","25","high",1.93120422446217,0.166666666666667,-0.0469444402564883,"value_alt"
"296","duzv7z4jux5olpv","25","low",2.08995039753822,0.166666666666667,-0.0227777782811068,"value_alt"
"297","duzv7z4jux5olpv","50","high",2.44044453753996,0.166666666666667,-0.0352777797115079,"value_alt"
"298","duzv7z4jux5olpv","50","low",2.51645010012191,0.166666666666667,-0.0963888876821991,"value_alt"
"299","duzv7z4jux5olpv","75","high",4.36828383212673,0.166666666666667,-0.117500004140794,"value_alt"
"300","duzv7z4jux5olpv","75","low",3.05255557009747,0.166666666666667,-0.145555554239156,"value_alt"
"301","dvywvnh6comawyk","25","high",9.99999999999425,0.166666666666667,0.0522222194595694,"value_alt"
"302","dvywvnh6comawyk","25","low",2.22222222222223,0.5,0.0852668172033473,"value_alt"
"303","dvywvnh6comawyk","50","high",9.99999999999993,0.166666666666667,0.0261111125836087,"value_alt"
"304","dvywvnh6comawyk","50","low",3.45679012345678,0.5,-0.00532780174038638,"value_alt"
"305","dvywvnh6comawyk","75","high",9.99999999999999,0.5,-0.00989382557786034,"value_alt"
"306","dvywvnh6comawyk","75","low",3.33333333333331,0.5,-0.0919067215299849,"value_alt"
"307","fehlcunq37bd57x","25","high",1.60493827160501,0.5,0.0288065843621079,"value_alt"
"308","fehlcunq37bd57x","25","low",1.16861646797768,0.5,0.00563938416663934,"value_alt"
"309","fehlcunq37bd57x","50","high",1.72839506172512,0.5,-0.176954732508584,"value_alt"
"310","fehlcunq37bd57x","50","low",2.40969364425914,0.5,-0.00411522633680261,"value_alt"
"311","fehlcunq37bd57x","75","high",1.12482853223601,0.5,0.0589849108367193,"value_alt"
"312","fehlcunq37bd57x","75","low",0.835514509548738,0.5,-0.00936510355530851,"value_alt"
"313","fq39wkqs1solhdu","25","high",1.60493827159904,0.5,0.384662563836727,"value_alt"
"314","fq39wkqs1solhdu","25","low",4.35299497029794,0.5,0.370466334943827,"value_alt"
"315","fq39wkqs1solhdu","50","high",8.15043438500228,0.5,-0.277091906721536,"value_alt"
"316","fq39wkqs1solhdu","50","low",2.36639766502123,0.5,-0.121952077070796,"value_alt"
"317","fq39wkqs1solhdu","75","high",4.07407407407398,0.5,0.185388406242407,"value_alt"
"318","fq39wkqs1solhdu","75","low",1.58207591596943,0.5,0.27108872912501,"value_alt"
"319","fqnkabfbs65dy5r","25","high",1.77889642958359,0.166666666666667,0.00916666484765538,"value_alt"
"320","fqnkabfbs65dy5r","25","low",2.12221557285784,0.166666666666667,-0.00888888457611992,"value_alt"
"321","fqnkabfbs65dy5r","50","high",1.87237765923457,0.166666666666667,-0.0633333342711602,"value_alt"
"322","fqnkabfbs65dy5r","50","low",2.72213343113538,0.166666666666667,-0.174999997464235,"value_alt"
"323","fqnkabfbs65dy5r","75","high",1.01068367863219,0.166666666666667,0.176388890527218,"value_alt"
"324","fqnkabfbs65dy5r","75","low",2.4642136699177,0.166666666666667,-0.134722224254897,"value_alt"
"325","fwexbmobod79xhj","25","high",9.99999999999935,0.166666666666667,0.190833328168314,"value_alt"
"326","fwexbmobod79xhj","25","low",9.99999999999978,0.166666666666667,0.138333328766277,"value_alt"
"327","fwexbmobod79xhj","50","high",5.07544577746894,0.5,-0.0909165183568802,"value_alt"
"328","fwexbmobod79xhj","50","low",9.99999999999935,0.5,0.0178527848633563,"value_alt"
"329","fwexbmobod79xhj","75","high",6.62551440329278,0.5,-0.218741569947006,"value_alt"
"330","fwexbmobod79xhj","75","low",6.41975308641969,0.5,-0.231306661722783,"value_alt"
"331","g35rvb9r3l07tgx","25","high",4.04759951058414,0.388888888888889,-0.135833332242787,"value_alt"
"332","g35rvb9r3l07tgx","25","low",1.35802469135795,0.5,-0.0066554895076204,"value_alt"
"333","g35rvb9r3l07tgx","50","high",3.25102880658385,0.5,-0.0666799731469124,"value_alt"
"334","g35rvb9r3l07tgx","50","low",1.48148148148155,0.5,0.0827617741189104,"value_alt"
"335","g35rvb9r3l07tgx","75","high",2.34567901234565,0.5,-0.00380663137306159,"value_alt"
"336","g35rvb9r3l07tgx","75","low",4.44444444444445,0.5,-0.136045414754247,"value_alt"
"337","gg80fe1zyat447z","25","high",0.937743473345314,0.166666666666667,0.233055546470537,"value_alt"
"338","gg80fe1zyat447z","25","low",1.9956240495155,0.166666666666667,0.243055549909236,"value_alt"
"339","gg80fe1zyat447z","50","high",2.67376404813737,0.166666666666667,0.00944444628998475,"value_alt"
"340","gg80fe1zyat447z","50","low",2.72921891109238,0.166666666666667,0.0122222238120342,"value_alt"
"341","gg80fe1zyat447z","75","high",4.07407407407408,0.5,-0.0617283950617288,"value_alt"
"342","gg80fe1zyat447z","75","low",2.04287964245094,0.5,0.0353999785477088,"value_alt"
"343","ggkxy092ul5l6n0","25","high",1.14311842707101,0.5,0.181222374634735,"value_alt"
"344","ggkxy092ul5l6n0","25","low",0.491794950328591,0.5,-0.000378216969230571,"value_alt"
"345","ggkxy092ul5l6n0","50","high",0.936858146643598,0.5,-0.0062974418474806,"value_alt"
"346","ggkxy092ul5l6n0","50","low",0.855800337870345,0.5,0.0457071334140307,"value_alt"
"347","ggkxy092ul5l6n0","75","high",0.844383478122433,0.5,-0.00685871056237042,"value_alt"
"348","ggkxy092ul5l6n0","75","low",0.490009796561058,0.5,0.000301037252816716,"value_alt"
"349","ghbypuj01msjo4h","25","high",4.53891459433542,0.166666666666667,-0.140833336256514,"value_alt"
"350","ghbypuj01msjo4h","25","low",3.61493391486582,0.388888888888889,-0.291944436171062,"value_alt"
"351","ghbypuj01msjo4h","50","high",2.50376618998761,0.166666666666667,0.0816666668344432,"value_alt"
"352","ghbypuj01msjo4h","50","low",5.21293885844707,0.388888888888889,-0.164444457143824,"value_alt"
"353","ghbypuj01msjo4h","75","high",7.77777777777755,0.5,-0.23712085489422,"value_alt"
"354","ghbypuj01msjo4h","75","low",3.82446508914504,0.388888888888889,-0.273055553342198,"value_alt"
"355","gnd1v5zo5x7qjad","25","high",3.37992680350987,0.166666666666667,0.0349999965483956,"value_alt"
"356","gnd1v5zo5x7qjad","25","low",2.60160345801662,0.166666666666667,-0.0216666651308677,"value_alt"
"357","gnd1v5zo5x7qjad","50","high",4.11522633760789,0.166666666666667,0.00750000429980702,"value_alt"
"358","gnd1v5zo5x7qjad","50","low",3.41787853824538,0.166666666666667,-0.0444444434119746,"value_alt"
"359","gnd1v5zo5x7qjad","75","high",4.48856254214857,0.166666666666667,-0.0438888885647196,"value_alt"
"360","gnd1v5zo5x7qjad","75","low",3.47977936964506,0.166666666666667,-0.0408333334172216,"value_alt"
"361","gs1p8zvs22f3u03","25","high",1.20974816331926,0.166666666666667,0.13722223142411,"value_alt"
"362","gs1p8zvs22f3u03","25","low",1.83007586393065,0.166666666666667,-0.0736111094010826,"value_alt"
"363","gs1p8zvs22f3u03","50","high",1.88941996043995,0.166666666666667,-0.080277773962658,"value_alt"
"364","gs1p8zvs22f3u03","50","low",0.695047318577943,0.166666666666667,0.204166687714262,"value_alt"
"365","gs1p8zvs22f3u03","75","high",1.7202994005823,0.166666666666667,-0.0311111113996078,"value_alt"
"366","gs1p8zvs22f3u03","75","low",2.32003060547132,0.166666666666667,-0.148611112821926,"value_alt"
"367","gstz99vr89krpfz","25","high",3.63414211425632,0.166666666666667,0.00527777857266032,"value_alt"
"368","gstz99vr89krpfz","25","low",0.944549799000738,0.166666666666667,0.321666652978102,"value_alt"
"369","gstz99vr89krpfz","50","high",2.96469615730623,0.166666666666667,0.0116666674281127,"value_alt"
"370","gstz99vr89krpfz","50","low",2.26516707277198,0.166666666666667,0.0588888879797449,"value_alt"
"371","gstz99vr89krpfz","75","high",4.54088001277896,0.388888888888889,-0.145277778532771,"value_alt"
"372","gstz99vr89krpfz","75","low",3.69862317735527,0.5,-0.0091957526794969,"value_alt"
"373","h9du65sl07e0gv9","25","high",3.06846853276375,0.5,-0.56767348202898,"value_alt"
"374","h9du65sl07e0gv9","25","low",0.0617283950617287,0.166666666666667,0.0736111679069233,"value_alt"
"375","h9du65sl07e0gv9","50","high",2.61088248743204,0.5,-0.259373833032491,"value_alt"
"376","h9du65sl07e0gv9","50","low",0.754458161867196,0.5,-0.0370370370370421,"value_alt"
"377","h9du65sl07e0gv9","75","high",0.747797027168272,0.5,0.0178326474965038,"value_alt"
"378","h9du65sl07e0gv9","75","low",0.329218106995963,0.5,0.00335110309563502,"value_alt"
"379","hd4d44n06f6cawh","25","high",1.28303122605372,0.166666666666667,0.0111111108529933,"value_alt"
"380","hd4d44n06f6cawh","25","low",2.99780621964785,0.166666666666667,-0.020833332849363,"value_alt"
"381","hd4d44n06f6cawh","50","high",3.25776276036124,0.166666666666667,-0.0716666656688778,"value_alt"
"382","hd4d44n06f6cawh","50","low",2.78142430569703,0.166666666666667,-0.0272222203661663,"value_alt"
"383","hd4d44n06f6cawh","75","high",6.66666666666688,0.166666666666667,-0.0200000005630503,"value_alt"
"384","hd4d44n06f6cawh","75","low",5.45241061066783,0.166666666666667,-0.0230555557082751,"value_alt"
"385","hd9k76vgdu5mql0","25","high",6.29629629629646,0.5,-0.199234687610567,"value_alt"
"386","hd9k76vgdu5mql0","25","low",2.48652733232186,0.166666666666667,-0.047499996831608,"value_alt"
"387","hd9k76vgdu5mql0","50","high",3.12909617439186,0.5,-0.0699588478348472,"value_alt"
"388","hd9k76vgdu5mql0","50","low",2.20850480109149,0.5,-0.0754458161861667,"value_alt"
"389","hd9k76vgdu5mql0","75","high",3.62489433283694,0.166666666666667,-0.0986111187634082,"value_alt"
"390","hd9k76vgdu5mql0","75","low",1.95651069448675,0.5,-0.0781893004114789,"value_alt"
"391","hjgqzm1pq2mo1u7","25","high",1.64609053498008,0.5,0.00269165530916249,"value_alt"
"392","hjgqzm1pq2mo1u7","25","low",1.37174211248263,0.5,-0.000737825882070164,"value_alt"
"393","hjgqzm1pq2mo1u7","50","high",1.358024691358,0.5,0.0206325819905304,"value_alt"
"394","hjgqzm1pq2mo1u7","50","low",4.03292181069893,0.5,-0.24909148267052,"value_alt"
"395","hjgqzm1pq2mo1u7","75","high",3.02220972958479,0.166666666666667,-0.593888942891367,"value_alt"
"396","hjgqzm1pq2mo1u7","75","low",1.4612158565177,0.5,-0.00697537710306584,"value_alt"
"397","hkdemly7qs0y8be","25","high",4.63416578588992,0.166666666666667,0.0225000008539389,"value_alt"
"398","hkdemly7qs0y8be","25","low",2.41131036739429,0.166666666666667,0.00805555685976578,"value_alt"
"399","hkdemly7qs0y8be","50","high",6.03844751311884,0.166666666666667,0.0699999994063294,"value_alt"
"400","hkdemly7qs0y8be","50","low",6.03698710162952,0.166666666666667,-0.00916666542124978,"value_alt"
"401","hkdemly7qs0y8be","75","high",3.80860268595655,0.166666666666667,-0.100555554252062,"value_alt"
"402","hkdemly7qs0y8be","75","low",3.93725215436626,0.166666666666667,-0.00805555749709275,"value_alt"
"403","hm4cdxlz8t0281v","25","high",1.58046791864147,0.166666666666667,0.0980555574075486,"value_alt"
"404","hm4cdxlz8t0281v","25","low",1.35726935787677,0.166666666666667,0.105833340855307,"value_alt"
"405","hm4cdxlz8t0281v","50","high",1.9791229084944,0.166666666666667,0.0344444508715698,"value_alt"
"406","hm4cdxlz8t0281v","50","low",3.90872266180016,0.166666666666667,-0.151111114828003,"value_alt"
"407","hm4cdxlz8t0281v","75","high",4.92348618402575,0.166666666666667,-0.114999999393424,"value_alt"
"408","hm4cdxlz8t0281v","75","low",3.10156686541859,0.166666666666667,-0.123333335974823,"value_alt"
"409","hmfoy1dyl3p0oyx","25","high",2.72378342127383,0.166666666666667,-0.122777782841182,"value_alt"
"410","hmfoy1dyl3p0oyx","25","low",2.35102618695007,0.166666666666667,-0.0399999959733673,"value_alt"
"411","hmfoy1dyl3p0oyx","50","high",4.52814841932007,0.166666666666667,-0.069166676684732,"value_alt"
"412","hmfoy1dyl3p0oyx","50","low",3.4515078357627,0.166666666666667,-0.155833333193041,"value_alt"
"413","hmfoy1dyl3p0oyx","75","high",3.46420582477152,0.388888888888889,-0.239166664208098,"value_alt"
"414","hmfoy1dyl3p0oyx","75","low",3.539319380189,0.388888888888889,-0.204444454837975,"value_alt"
"415","hvawyrkxreuq7d8","25","high",8.41256517798675,0.166666666666667,0.136111113685117,"value_alt"
"416","hvawyrkxreuq7d8","25","low",1.19093235412234,0.166666666666667,0.043611116356552,"value_alt"
"417","hvawyrkxreuq7d8","50","high",1.99067810626387,0.166666666666667,-0.0544444405411447,"value_alt"
"418","hvawyrkxreuq7d8","50","low",2.37041426841005,0.166666666666667,-0.0205555577165725,"value_alt"
"419","hvawyrkxreuq7d8","75","high",9.99999999999993,0.5,-0.0588223309639607,"value_alt"
"420","hvawyrkxreuq7d8","75","low",4.69135802469129,0.5,-0.08016702149065,"value_alt"
"421","jdewbyn3agn01fj","25","high",1.06092591040016,0.166666666666667,0.113333345155114,"value_alt"
"422","jdewbyn3agn01fj","25","low",3.76763930403074,0.166666666666667,0.195000017151907,"value_alt"
"423","jdewbyn3agn01fj","50","high",5.55555555555577,0.388888888888889,-0.218888892847559,"value_alt"
"424","jdewbyn3agn01fj","50","low",2.14779067006615,0.166666666666667,0.0316666679888902,"value_alt"
"425","jdewbyn3agn01fj","75","high",3.43617380287804,0.166666666666667,-0.12500000206733,"value_alt"
"426","jdewbyn3agn01fj","75","low",1.91129401005952,0.5,0.0169181527206079,"value_alt"
"427","je7gumyhw5zyax5","25","high",1.83587841943013,0.166666666666667,0.00388889086345845,"value_alt"
"428","je7gumyhw5zyax5","25","low",1.37812939728262,0.166666666666667,0.090277791167622,"value_alt"
"429","je7gumyhw5zyax5","50","high",2.42366333650464,0.166666666666667,-0.0591666642597211,"value_alt"
"430","je7gumyhw5zyax5","50","low",2.39782177867419,0.166666666666667,-0.0188888874813521,"value_alt"
"431","je7gumyhw5zyax5","75","high",3.40841992742413,0.166666666666667,-0.124444445109814,"value_alt"
"432","je7gumyhw5zyax5","75","low",3.492432701462,0.166666666666667,-0.125555554244892,"value_alt"
"433","jk1c41xga9cmsrf","25","high",2.54994168622816,0.166666666666667,-0.0216666668516509,"value_alt"
"434","jk1c41xga9cmsrf","25","low",2.32893801597571,0.166666666666667,-0.0202777765291745,"value_alt"
"435","jk1c41xga9cmsrf","50","high",4.44444444444507,0.166666666666667,-0.0272222203686141,"value_alt"
"436","jk1c41xga9cmsrf","50","low",2.64108311439013,0.166666666666667,-0.0180555551361136,"value_alt"
"437","jk1c41xga9cmsrf","75","high",4.29841046974444,0.166666666666667,-0.0325000002774763,"value_alt"
"438","jk1c41xga9cmsrf","75","low",4.81481481481533,0.166666666666667,-0.0427777790669156,"value_alt"
"439","jvcerddevc3rwm0","25","high",3.08498143119537,0.166666666666667,0.0013888888566238,"value_alt"
"440","jvcerddevc3rwm0","25","low",4.1823260281931,0.166666666666667,-0.0108333351466086,"value_alt"
"441","jvcerddevc3rwm0","50","high",4.80149617228943,0.166666666666667,-0.100277781987244,"value_alt"
"442","jvcerddevc3rwm0","50","low",4.89072347005719,0.166666666666667,0.0174999985609952,"value_alt"
"443","jvcerddevc3rwm0","75","high",9.92827915459061,0.166666666666667,0.00888888971486468,"value_alt"
"444","jvcerddevc3rwm0","75","low",6.76312879550223,0.166666666666667,-0.0158333334243915,"value_alt"
"445","k3j8o90rkvw7tal","25","high",1.87718983804184,0.166666666666667,0.122500000251665,"value_alt"
"446","k3j8o90rkvw7tal","25","low",1.39571780624127,0.166666666666667,0.129444439372436,"value_alt"
"447","k3j8o90rkvw7tal","50","high",4.08268243110108,0.166666666666667,-0.0922222262746668,"value_alt"
"448","k3j8o90rkvw7tal","50","low",4.21393432034003,0.166666666666667,-0.117222225693902,"value_alt"
"449","k3j8o90rkvw7tal","75","high",4.59012302005535,0.166666666666667,-0.0330555568525943,"value_alt"
"450","k3j8o90rkvw7tal","75","low",2.88684224413565,0.166666666666667,-0.064444443979833,"value_alt"
"451","k7xa918wsdj832n","25","high",1.81177094389851,0.166666666666667,0.0680555539745857,"value_alt"
"452","k7xa918wsdj832n","25","low",1.71034737143187,0.166666666666667,0.0641666682734476,"value_alt"
"453","k7xa918wsdj832n","50","high",3.55482968532415,0.166666666666667,0.0669444442659135,"value_alt"
"454","k7xa918wsdj832n","50","low",3.18333765684413,0.166666666666667,-0.117777831024546,"value_alt"
"455","k7xa918wsdj832n","75","high",4.78765072489508,0.166666666666667,0.0244444428440866,"value_alt"
"456","k7xa918wsdj832n","75","low",3.21985270969057,0.166666666666667,-0.0747222326210905,"value_alt"
"457","kp5boe0z4uwwu7r","25","high",3.00411522633742,0.5,-0.077579637248015,"value_alt"
"458","kp5boe0z4uwwu7r","25","low",2.59259259259252,0.5,-0.0118873853979922,"value_alt"
"459","kp5boe0z4uwwu7r","50","high",4.44444444444446,0.5,-0.163237311385503,"value_alt"
"460","kp5boe0z4uwwu7r","50","low",9.9999999999823,0.388888888888889,-0.166666663434592,"value_alt"
"461","kp5boe0z4uwwu7r","75","high",3.78143575674369,0.5,-0.271841399760134,"value_alt"
"462","kp5boe0z4uwwu7r","75","low",3.20987654321039,0.5,-0.245541838134562,"value_alt"
"463","ktwcurcgfv59jnc","25","high",3.28851653749565,0.166666666666667,-0.366944444243607,"value_alt"
"464","ktwcurcgfv59jnc","25","low",3.543923215171,0.166666666666667,-0.390555554742485,"value_alt"
"465","ktwcurcgfv59jnc","50","high",4.28495748806504,0.388888888888889,-0.255555554781203,"value_alt"
"466","ktwcurcgfv59jnc","50","low",3.43544092991943,0.166666666666667,-0.353888882732787,"value_alt"
"467","ktwcurcgfv59jnc","75","high",3.70981401984309,0.388888888888889,-0.241666662780476,"value_alt"
"468","ktwcurcgfv59jnc","75","low",3.34728898398556,0.388888888888889,-0.319999998761036,"value_alt"
"469","kug2nygmmndpth5","25","high",3.18085867936634,0.388888888888889,-0.292777776482889,"value_alt"
"470","kug2nygmmndpth5","25","low",2.76391772953788,0.166666666666667,-0.126944442527925,"value_alt"
"471","kug2nygmmndpth5","50","high",2.37524475635051,0.166666666666667,0.0341666686644486,"value_alt"
"472","kug2nygmmndpth5","50","low",2.83598481803579,0.166666666666667,-0.144166675707231,"value_alt"
"473","kug2nygmmndpth5","75","high",2.89506344358586,0.166666666666667,-0.201944471759639,"value_alt"
"474","kug2nygmmndpth5","75","low",3.69561354045991,0.166666666666667,-0.334166655003342,"value_alt"
"475","l7kobq2fs7s15go","25","high",2.10105792399982,0.166666666666667,0.000833332281504617,"value_alt"
"476","l7kobq2fs7s15go","25","low",1.51348879744143,0.5,0.0744955306018187,"value_alt"
"477","l7kobq2fs7s15go","50","high",2.96753543667729,0.5,0.00281300894811554,"value_alt"
"478","l7kobq2fs7s15go","50","low",2.2222222222222,0.5,-0.0281969212007304,"value_alt"
"479","l7kobq2fs7s15go","75","high",5.97568918199368,0.166666666666667,-0.405833327576597,"value_alt"
"480","l7kobq2fs7s15go","75","low",2.75597874999179,0.166666666666667,-0.136111107949172,"value_alt"
"481","le6z045m543xskj","25","high",1.23456790123465,0.5,0.00411522633714312,"value_alt"
"482","le6z045m543xskj","25","low",0.740740740740668,0.5,-0.0107454151714393,"value_alt"
"483","le6z045m543xskj","50","high",0.823045267489639,0.5,-0.00320073159569123,"value_alt"
"484","le6z045m543xskj","50","low",0.82304526748969,0.5,-0.0037087842267689,"value_alt"
"485","le6z045m543xskj","75","high",0.977756701567853,0.5,0.000762079259420956,"value_alt"
"486","le6z045m543xskj","75","low",1.52285954606762,0.5,0.0123456790123413,"value_alt"
"487","lnhuzvcq72odm0l","25","high",3.33333333333341,0.166666666666667,0.0811111095551449,"value_alt"
"488","lnhuzvcq72odm0l","25","low",5.29227986958635,0.166666666666667,0.0661111135139936,"value_alt"
"489","lnhuzvcq72odm0l","50","high",7.17314384216783,0.166666666666667,-0.0436111111304697,"value_alt"
"490","lnhuzvcq72odm0l","50","low",4.4444444444451,0.166666666666667,0.00138889209912363,"value_alt"
"491","lnhuzvcq72odm0l","75","high",8.02332822670869,0.166666666666667,0.0194444388311763,"value_alt"
"492","lnhuzvcq72odm0l","75","low",4.12522163999437,0.388888888888889,-0.256944524514637,"value_alt"
"493","lq01y2l4zvsfb6u","25","high",2.45327868638701,0.166666666666667,-0.0336111071181772,"value_alt"
"494","lq01y2l4zvsfb6u","25","low",1.60422544051259,0.166666666666667,0.0722222096461651,"value_alt"
"495","lq01y2l4zvsfb6u","50","high",1.59951904350325,0.5,0.316872427983552,"value_alt"
"496","lq01y2l4zvsfb6u","50","low",2.47541248424643,0.166666666666667,-0.264444439333718,"value_alt"
"497","lq01y2l4zvsfb6u","75","high",5.39819410101806,0.166666666666667,-0.0688889017431393,"value_alt"
"498","lq01y2l4zvsfb6u","75","low",2.63279437706109,0.166666666666667,-0.322777786791902,"value_alt"
"499","lqk83qqxe3xs6ss","25","high",3.08641975308649,0.5,0.232129248589732,"value_alt"
"500","lqk83qqxe3xs6ss","25","low",3.91675172433467,0.166666666666667,0.0724999962508437,"value_alt"
"501","lqk83qqxe3xs6ss","50","high",3.689880906118,0.166666666666667,0.031666662833622,"value_alt"
"502","lqk83qqxe3xs6ss","50","low",1.60493827160473,0.5,0.292181069958862,"value_alt"
"503","lqk83qqxe3xs6ss","75","high",2.83950617283945,0.5,0.0209487036203249,"value_alt"
"504","lqk83qqxe3xs6ss","75","low",2.71369347995822,0.166666666666667,-0.0797222214026989,"value_alt"
"505","lucnd0k3f5h8ez4","25","high",2.84327361683607,0.166666666666667,-0.0450000000083385,"value_alt"
"506","lucnd0k3f5h8ez4","25","low",1.98689957515386,0.166666666666667,-0.0416666656987262,"value_alt"
"507","lucnd0k3f5h8ez4","50","high",5.37197095972668,0.166666666666667,-0.0424999979802307,"value_alt"
"508","lucnd0k3f5h8ez4","50","low",4.44444444444466,0.166666666666667,-0.0472222262953631,"value_alt"
"509","lucnd0k3f5h8ez4","75","high",5.55555555556146,0.166666666666667,-0.0488888891321589,"value_alt"
"510","lucnd0k3f5h8ez4","75","low",5.41527271935274,0.166666666666667,-0.0872222222609393,"value_alt"
"511","m603l2rxt7hfqax","25","high",1.54900365987192,0.166666666666667,0.0788888885475998,"value_alt"
"512","m603l2rxt7hfqax","25","low",1.73150345437719,0.166666666666667,0.0219444459996023,"value_alt"
"513","m603l2rxt7hfqax","50","high",3.11934912825333,0.166666666666667,-0.06555555566422,"value_alt"
"514","m603l2rxt7hfqax","50","low",2.00194552694413,0.166666666666667,0.1113888893987,"value_alt"
"515","m603l2rxt7hfqax","75","high",8.41825400975704,0.166666666666667,-0.010833329984259,"value_alt"
"516","m603l2rxt7hfqax","75","low",2.96296296296303,0.166666666666667,-0.00638888789972414,"value_alt"
"517","m72afjrfmn9ycnm","25","high",1.11111111111088,0.5,-0.0284340124015481,"value_alt"
"518","m72afjrfmn9ycnm","25","low",6.83677521276143,0.388888888888889,-0.223055549341377,"value_alt"
"519","m72afjrfmn9ycnm","50","high",0.740740740740717,0.5,-0.019051973784408,"value_alt"
"520","m72afjrfmn9ycnm","50","low",3.33333333333311,0.5,-0.290277411584213,"value_alt"
"521","m72afjrfmn9ycnm","75","high",2.49453843415227,0.5,-0.289302105020793,"value_alt"
"522","m72afjrfmn9ycnm","75","low",0.905349794238707,0.5,-0.0461819844536427,"value_alt"
"523","m8fuvpkggx3r7sw","25","high",3.6374346609251,0.166666666666667,0.107222222828798,"value_alt"
"524","m8fuvpkggx3r7sw","25","low",1.48148148148151,0.5,0.242798353909412,"value_alt"
"525","m8fuvpkggx3r7sw","50","high",2.59259259259252,0.5,0.0523124862430009,"value_alt"
"526","m8fuvpkggx3r7sw","50","low",2.79835390946505,0.5,0.150739216578801,"value_alt"
"527","m8fuvpkggx3r7sw","75","high",6.51191028859946,0.388888888888889,-0.165555559969364,"value_alt"
"528","m8fuvpkggx3r7sw","75","low",2.73738689394128,0.5,-0.150298904298639,"value_alt"
"529","mdtwfshb8x8v70p","25","high",2.1170553269299,0.5,0.158766448204952,"value_alt"
"530","mdtwfshb8x8v70p","25","low",3.3333333333335,0.166666666666667,0.00638888853914987,"value_alt"
"531","mdtwfshb8x8v70p","50","high",6.34659350709323,0.5,-0.0492648849102794,"value_alt"
"532","mdtwfshb8x8v70p","50","low",5.55555555555556,0.5,-0.140600744024697,"value_alt"
"533","mdtwfshb8x8v70p","75","high",3.34705075445838,0.5,-0.0397805212621049,"value_alt"
"534","mdtwfshb8x8v70p","75","low",4.9382716049383,0.5,0.0123456790123251,"value_alt"
"535","mghqo7uxufw84xb","25","high",1.32144490169378,0.5,0.000457247370695857,"value_alt"
"536","mghqo7uxufw84xb","25","low",1.12584463748674,0.5,-4.20788847865783e-05,"value_alt"
"537","mghqo7uxufw84xb","50","high",1.09739368998694,0.5,0.000238972817220517,"value_alt"
"538","mghqo7uxufw84xb","50","low",1.46302223575259,0.5,-0.00320073159225298,"value_alt"
"539","mghqo7uxufw84xb","75","high",1.39917695473253,0.5,0.0123456790123424,"value_alt"
"540","mghqo7uxufw84xb","75","low",1.37428237565607,0.5,0.0123456790123413,"value_alt"
"541","mmjryby874fs60o","25","high",2.32909133775834,0.166666666666667,0.0394444453253899,"value_alt"
"542","mmjryby874fs60o","25","low",2.1184738273125,0.166666666666667,0.117222221105147,"value_alt"
"543","mmjryby874fs60o","50","high",4.06164002596156,0.166666666666667,-0.00833332625661243,"value_alt"
"544","mmjryby874fs60o","50","low",1.42493489795489,0.166666666666667,0.0741666660399352,"value_alt"
"545","mmjryby874fs60o","75","high",4.63750071566298,0.166666666666667,-0.0200000007590568,"value_alt"
"546","mmjryby874fs60o","75","low",4.08770681975986,0.166666666666667,-0.0788888891211945,"value_alt"
"547","n56opcxqwcyuk97","25","high",4.44444444444447,0.462962962962963,-0.0674999945595869,"value_alt"
"548","n56opcxqwcyuk97","25","low",2.5102880658437,0.5,-0.0710026569449608,"value_alt"
"549","n56opcxqwcyuk97","50","high",3.29054401142152,0.5,-0.175281689907644,"value_alt"
"550","n56opcxqwcyuk97","50","low",1.85185185185178,0.5,-0.0123456790122436,"value_alt"
"551","n56opcxqwcyuk97","75","high",2.25422953817558,0.5,-0.148402174464891,"value_alt"
"552","n56opcxqwcyuk97","75","low",2.88065843621407,0.5,-0.252628371214199,"value_alt"
"553","np2r7s44c0nxgg5","25","high",4.44444444444442,0.5,-0.0646110072505242,"value_alt"
"554","np2r7s44c0nxgg5","25","low",6.33744855967143,0.5,-0.0542757097201682,"value_alt"
"555","np2r7s44c0nxgg5","50","high",5.55555555555556,0.5,0.0230580158971374,"value_alt"
"556","np2r7s44c0nxgg5","50","low",9.66557211433389,0.388888888888889,-0.146944443095781,"value_alt"
"557","np2r7s44c0nxgg5","75","high",6.66666666666732,0.166666666666667,-0.391666663498402,"value_alt"
"558","np2r7s44c0nxgg5","75","low",6.29629629629633,0.5,-0.189104000755222,"value_alt"
"559","nrv57g0kvh6lz31","25","high",3.11233043744971,0.5,3.32195205028363e-05,"value_alt"
"560","nrv57g0kvh6lz31","25","low",1.39927071590682,0.166666666666667,0.0566666725775564,"value_alt"
"561","nrv57g0kvh6lz31","50","high",5.55555555555621,0.166666666666667,0.00277777771657051,"value_alt"
"562","nrv57g0kvh6lz31","50","low",2.18509771433384,0.166666666666667,0.0736111111218694,"value_alt"
"563","nrv57g0kvh6lz31","75","high",4.34688986811261,0.166666666666667,-0.110000031516144,"value_alt"
"564","nrv57g0kvh6lz31","75","low",1.53115146557528,0.5,0.00777320530419678,"value_alt"
"565","nvk3jd25saegh24","25","high",0.877914951989682,0.5,0.00103931231639276,"value_alt"
"566","nvk3jd25saegh24","25","low",0.740740740740765,0.5,0.00258730505635874,"value_alt"
"567","nvk3jd25saegh24","50","high",0.718002978093766,0.5,-0.00243919449992214,"value_alt"
"568","nvk3jd25saegh24","50","low",0.0617283950617287,0.5,0,"value_alt"
"569","nvk3jd25saegh24","75","high",0.638622161252644,0.5,-0.00137174211235169,"value_alt"
"570","nvk3jd25saegh24","75","low",0.490948195831947,0.5,-0.000457247381449699,"value_alt"
"571","oemn8dnelyez9dr","25","high",2.3324866925146,0.166666666666667,0.236111115950814,"value_alt"
"572","oemn8dnelyez9dr","25","low",1.34040625904508,0.5,0.218990965557744,"value_alt"
"573","oemn8dnelyez9dr","50","high",3.68890595337959,0.166666666666667,-0.33666666676131,"value_alt"
"574","oemn8dnelyez9dr","50","low",1.58676127723344,0.5,0.249948724328091,"value_alt"
"575","oemn8dnelyez9dr","75","high",8.03138095001475,0.388888888888889,-0.228888885636609,"value_alt"
"576","oemn8dnelyez9dr","75","low",2.95847601648141,0.166666666666667,-0.0816666461850445,"value_alt"
"577","oeu4jokoabrwtua","25","high",1.19864046764731,0.166666666666667,0.0624999985480894,"value_alt"
"578","oeu4jokoabrwtua","25","low",1.39766940573355,0.166666666666667,-0.0144444399790121,"value_alt"
"579","oeu4jokoabrwtua","50","high",2.72057001448462,0.166666666666667,-0.125555559407242,"value_alt"
"580","oeu4jokoabrwtua","50","low",1.36959316831589,0.166666666666667,0.0283333405907367,"value_alt"
"581","oeu4jokoabrwtua","75","high",3.67445469278959,0.166666666666667,-0.21666666220697,"value_alt"
"582","oeu4jokoabrwtua","75","low",1.99359853681431,0.5,0.072395383340502,"value_alt"
"583","p0ptwsbjrbx9q9b","25","high",2.09876543640072,0.5,-0.0233196161990057,"value_alt"
"584","p0ptwsbjrbx9q9b","25","low",2.46913580246936,0.5,-0.0707378617871347,"value_alt"
"585","p0ptwsbjrbx9q9b","50","high",2.38683127572053,0.5,-0.0480449397856757,"value_alt"
"586","p0ptwsbjrbx9q9b","50","low",1.83813443072695,0.5,-0.0260631001371304,"value_alt"
"587","p0ptwsbjrbx9q9b","75","high",2.47393407736079,0.5,-0.0480109739369436,"value_alt"
"588","p0ptwsbjrbx9q9b","75","low",2.76482243560412,0.5,-0.247065996036912,"value_alt"
"589","p2sp49zl9919q87","25","high",2.31968468502966,0.166666666666667,0.0497222231320862,"value_alt"
"590","p2sp49zl9919q87","25","low",0.966333313879019,0.166666666666667,0.0880555614255774,"value_alt"
"591","p2sp49zl9919q87","50","high",2.38560073935584,0.166666666666667,-0.127777779780578,"value_alt"
"592","p2sp49zl9919q87","50","low",1.94887314026389,0.166666666666667,-0.00638889287035094,"value_alt"
"593","p2sp49zl9919q87","75","high",3.14646184080958,0.166666666666667,-0.178611111091755,"value_alt"
"594","p2sp49zl9919q87","75","low",3.1254861820176,0.166666666666667,-0.167500000238759,"value_alt"
"595","p2v49387cgj37sn","25","high",2.55140885179152,0.166666666666667,0.00694444428548135,"value_alt"
"596","p2v49387cgj37sn","25","low",1.44706821378257,0.166666666666667,0.00833333313738449,"value_alt"
"597","p2v49387cgj37sn","50","high",4.2562987808319,0.166666666666667,-0.00194444543174377,"value_alt"
"598","p2v49387cgj37sn","50","low",1.90697130086191,0.166666666666667,0.0411111142859557,"value_alt"
"599","p2v49387cgj37sn","75","high",5.03714628009774,0.166666666666667,0.00555555543121766,"value_alt"
"600","p2v49387cgj37sn","75","low",4.26681864549273,0.166666666666667,-0.00277777771324839,"value_alt"
"601","pjp6ertnjw1vb6j","25","high",2.9428600125572,0.166666666666667,-0.00388889067228959,"value_alt"
"602","pjp6ertnjw1vb6j","25","low",1.31806334044684,0.166666666666667,0.121388891690181,"value_alt"
"603","pjp6ertnjw1vb6j","50","high",3.50008443926155,0.166666666666667,-0.00583333113288176,"value_alt"
"604","pjp6ertnjw1vb6j","50","low",2.35866556092236,0.166666666666667,-0.00333333371477373,"value_alt"
"605","pjp6ertnjw1vb6j","75","high",4.31117974410907,0.166666666666667,-0.100555555972845,"value_alt"
"606","pjp6ertnjw1vb6j","75","low",3.14108355017847,0.166666666666667,-0.0508333362823257,"value_alt"
"607","pojfe0tpsdoned2","25","high",1.35721948097602,0.166666666666667,0.113055559124817,"value_alt"
"608","pojfe0tpsdoned2","25","low",1.19678736196156,0.166666666666667,0.104166665968386,"value_alt"
"609","pojfe0tpsdoned2","50","high",2.81247201065472,0.166666666666667,0.00972222715871851,"value_alt"
"610","pojfe0tpsdoned2","50","low",2.28454459722702,0.166666666666667,-0.0336111289147643,"value_alt"
"611","pojfe0tpsdoned2","75","high",3.53199046705268,0.166666666666667,-0.11249999738656,"value_alt"
"612","pojfe0tpsdoned2","75","low",3.6306811460351,0.166666666666667,-0.0827777800059265,"value_alt"
"613","pv8gfb6dwc0u8md","25","high",1.67783359456414,0.166666666666667,0.0616666662666716,"value_alt"
"614","pv8gfb6dwc0u8md","25","low",0.481629840489969,0.166666666666667,0.119444446832031,"value_alt"
"615","pv8gfb6dwc0u8md","50","high",2.83739563651803,0.166666666666667,0.0183333360048494,"value_alt"
"616","pv8gfb6dwc0u8md","50","low",2.31790333887067,0.166666666666667,-0.0355555468139738,"value_alt"
"617","pv8gfb6dwc0u8md","75","high",3.10100425535315,0.166666666666667,-0.101111111400776,"value_alt"
"618","pv8gfb6dwc0u8md","75","low",4.15378107428903,0.166666666666667,-0.0391666671335166,"value_alt"
"619","q4o2n439h3o4hux","25","high",1.41619029053609,0.166666666666667,0.0819444460036383,"value_alt"
"620","q4o2n439h3o4hux","25","low",2.28046897289841,0.166666666666667,-0.0216666651308677,"value_alt"
"621","q4o2n439h3o4hux","50","high",2.11610381556253,0.166666666666667,0.000277775706385208,"value_alt"
"622","q4o2n439h3o4hux","50","low",1.91907577453912,0.166666666666667,-0.017499998560995,"value_alt"
"623","q4o2n439h3o4hux","75","high",3.21388370092129,0.166666666666667,-0.149999996515356,"value_alt"
"624","q4o2n439h3o4hux","75","low",3.10517726645067,0.166666666666667,-0.145555554253319,"value_alt"
"625","qeaducsgetncgeb","25","high",0.720550597931851,0.5,-0.00122302772685834,"value_alt"
"626","qeaducsgetncgeb","25","low",0.0617283950617287,0.5,0,"value_alt"
"627","qeaducsgetncgeb","50","high",0.600649324460629,0.5,-0.00015975063100282,"value_alt"
"628","qeaducsgetncgeb","50","low",0.370370370370298,0.5,-0.0161730088535977,"value_alt"
"629","qeaducsgetncgeb","75","high",0.490440143079671,0.5,-5.49891966921123e-05,"value_alt"
"630","qeaducsgetncgeb","75","low",0.601670992591451,0.5,-0.00106691053109087,"value_alt"
"631","qreecv8wv03uqw8","25","high",2.3045267490125,0.166666666666667,0.0325000054398261,"value_alt"
"632","qreecv8wv03uqw8","25","low",1.19777316423758,0.166666666666667,0.111666669693811,"value_alt"
"633","qreecv8wv03uqw8","50","high",2.86158764566528,0.166666666666667,-0.0258333317007403,"value_alt"
"634","qreecv8wv03uqw8","50","low",2.50174660999925,0.166666666666667,-0.066944445413102,"value_alt"
"635","qreecv8wv03uqw8","75","high",3.94449777022505,0.166666666666667,-0.0700000045686794,"value_alt"
"636","qreecv8wv03uqw8","75","low",3.63770289660946,0.388888888888889,-0.276666668414324,"value_alt"
"637","qw7q50m2o58ugvl","25","high",1.97530864197546,0.5,0.00927979999069128,"value_alt"
"638","qw7q50m2o58ugvl","25","low",1.85185185185191,0.5,0.00960219478735613,"value_alt"
"639","qw7q50m2o58ugvl","50","high",2.22222222222221,0.5,-0.0285017527813145,"value_alt"
"640","qw7q50m2o58ugvl","50","low",1.56988263984758,0.5,0.00346040291810379,"value_alt"
"641","qw7q50m2o58ugvl","75","high",1.71375771357374,0.5,0.0711781740272284,"value_alt"
"642","qw7q50m2o58ugvl","75","low",2.43339649446061,0.5,-0.155989093771556,"value_alt"
"643","r018cukle69r1bf","25","high",2.14962695223258,0.166666666666667,0.0327777811438503,"value_alt"
"644","r018cukle69r1bf","25","low",1.74935614982407,0.166666666666667,0.0391666740165617,"value_alt"
"645","r018cukle69r1bf","50","high",3.51856686385155,0.166666666666667,-0.0722222207356569,"value_alt"
"646","r018cukle69r1bf","50","low",2.74620087271636,0.166666666666667,-0.0494444422633518,"value_alt"
"647","r018cukle69r1bf","75","high",4.66382493002325,0.462962962962963,-0.108333330816688,"value_alt"
"648","r018cukle69r1bf","75","low",2.53431707371425,0.5,0.0185894996090579,"value_alt"
"649","re53t0m5rdemzxb","25","high",1.48855434616798,0.5,0.0834730478105064,"value_alt"
"650","re53t0m5rdemzxb","25","low",1.15683584819394,0.5,0.0370370370370328,"value_alt"
"651","re53t0m5rdemzxb","50","high",1.90672153635129,0.5,-0.061728395061976,"value_alt"
"652","re53t0m5rdemzxb","50","low",1.60493827160501,0.5,-0.0397805212681952,"value_alt"
"653","re53t0m5rdemzxb","75","high",2.51028806584428,0.5,-0.0123456790123895,"value_alt"
"654","re53t0m5rdemzxb","75","low",0.940714159940364,0.5,-0.012345679012331,"value_alt"
"655","regcubm60dchcxr","25","high",0.923639689076378,0.5,0.0168597954905334,"value_alt"
"656","regcubm60dchcxr","25","low",0.864197530864216,0.5,0.00806674680916575,"value_alt"
"657","regcubm60dchcxr","50","high",1.27605886641527,0.5,0.0123456790123058,"value_alt"
"658","regcubm60dchcxr","50","low",0.896035495938146,0.5,0.00189108481432276,"value_alt"
"659","regcubm60dchcxr","75","high",0.525119438826744,0.5,0.00733289305291662,"value_alt"
"660","regcubm60dchcxr","75","low",3.12299954275124,0.5,-0.421124828529482,"value_alt"
"661","rf8fvjnsk6r07uc","25","high",2.59259259259281,0.166666666666667,0.00833333248143564,"value_alt"
"662","rf8fvjnsk6r07uc","25","low",2.8512976604314,0.166666666666667,0.0577777788446632,"value_alt"
"663","rf8fvjnsk6r07uc","50","high",4.49792032466994,0.166666666666667,-0.0277777771324841,"value_alt"
"664","rf8fvjnsk6r07uc","50","low",3.71837947631107,0.166666666666667,-0.0605555531163453,"value_alt"
"665","rf8fvjnsk6r07uc","75","high",4.15637860082304,0.5,-0.0781893004115176,"value_alt"
"666","rf8fvjnsk6r07uc","75","low",4.21389529297713,0.166666666666667,-0.121111111225086,"value_alt"
"667","rn0an20lmaomk57","25","high",2.6268866023682,0.166666666666667,0.00749999913745736,"value_alt"
"668","rn0an20lmaomk57","25","low",1.88363865373357,0.166666666666667,0.0463888888224737,"value_alt"
"669","rn0an20lmaomk57","50","high",3.54273257946699,0.166666666666667,-0.0513888876950955,"value_alt"
"670","rn0an20lmaomk57","50","low",4.0187363322439,0.166666666666667,-0.00166666743098109,"value_alt"
"671","rn0an20lmaomk57","75","high",6.79012345679034,0.5,-0.0184634892550423,"value_alt"
"672","rn0an20lmaomk57","75","low",3.17490512227401,0.166666666666667,-0.133888891973393,"value_alt"
"673","rxol1dxl6nen4em","25","high",2.79835390946441,0.5,-0.00253690442275045,"value_alt"
"674","rxol1dxl6nen4em","25","low",1.07910379515514,0.5,9.2202030514299e-05,"value_alt"
"675","rxol1dxl6nen4em","50","high",1.90672153635124,0.5,0.0754458161865428,"value_alt"
"676","rxol1dxl6nen4em","50","low",1.72839506172834,0.5,-0.0041152263374048,"value_alt"
"677","rxol1dxl6nen4em","75","high",2.70233196159105,0.5,0.0946502057614378,"value_alt"
"678","rxol1dxl6nen4em","75","low",2.09876543209869,0.5,0.0452674897119383,"value_alt"
"679","ryf84f70g5thl4l","25","high",2.71604938271611,0.5,0.0105166895286455,"value_alt"
"680","ryf84f70g5thl4l","25","low",0.946502057613387,0.5,0.00210805916908763,"value_alt"
"681","ryf84f70g5thl4l","50","high",2.22679469593247,0.5,0.0102854256407336,"value_alt"
"682","ryf84f70g5thl4l","50","low",2.57887517146768,0.5,-0.152263374485553,"value_alt"
"683","ryf84f70g5thl4l","75","high",1.66757714420809,0.5,0.0485693442793391,"value_alt"
"684","ryf84f70g5thl4l","75","low",1.3031550068582,0.5,0.0397805212620199,"value_alt"
"685","s79rv87vd0ov68q","25","high",0.699588477366042,0.5,-0.00125131477799312,"value_alt"
"686","s79rv87vd0ov68q","25","low",3.33333333333151,0.5,-0.0642110323491365,"value_alt"
"687","s79rv87vd0ov68q","50","high",5.26748971193437,0.5,-0.293935079031239,"value_alt"
"688","s79rv87vd0ov68q","50","low",0.717878372212692,0.5,-0.00241042759602605,"value_alt"
"689","s79rv87vd0ov68q","75","high",0.849972057098341,0.5,-0.012345679012331,"value_alt"
"690","s79rv87vd0ov68q","75","low",2.3456790123581,0.5,-0.270233196159253,"value_alt"
"691","s7enbyv4of56b3e","25","high",0.720550597931851,0.5,-0.00122302772685834,"value_alt"
"692","s7enbyv4of56b3e","25","low",0.490420444372744,0.5,-1.66795302598555e-05,"value_alt"
"693","s7enbyv4of56b3e","50","high",0.601331510758704,0.5,-0.000524987718520831,"value_alt"
"694","s7enbyv4of56b3e","50","low",3.33333333333326,0.5,-0.28882187889243,"value_alt"
"695","s7enbyv4of56b3e","75","high",0.715370413351052,0.5,-0.00137174211366309,"value_alt"
"696","s7enbyv4of56b3e","75","low",0.905857846874903,0.5,-0.0452674897119683,"value_alt"
"697","sh3z56uk3q0ddzd","25","high",3.45679012345671,0.5,-0.00927593690108086,"value_alt"
"698","sh3z56uk3q0ddzd","25","low",1.48148148148146,0.5,-0.00801029652986696,"value_alt"
"699","sh3z56uk3q0ddzd","50","high",4.01112375086639,0.388888888888889,-0.195555553141448,"value_alt"
"700","sh3z56uk3q0ddzd","50","low",2.0210333790581,0.5,0.0041152263374431,"value_alt"
"701","sh3z56uk3q0ddzd","75","high",6.63929319375966,0.388888888888889,-0.172777775178917,"value_alt"
"702","sh3z56uk3q0ddzd","75","low",3.13806461674595,0.166666666666667,-0.410555544985654,"value_alt"
"703","ssbsk72ruz2tdg1","25","high",0.680282477259311,0.5,0.0370370370370412,"value_alt"
"704","ssbsk72ruz2tdg1","25","low",0.718180485802856,0.5,-0.00898151259109059,"value_alt"
"705","ssbsk72ruz2tdg1","50","high",0.946502057524597,0.5,0.0205761316907407,"value_alt"
"706","ssbsk72ruz2tdg1","50","low",1.40426890277349,0.5,0.114661781177333,"value_alt"
"707","ssbsk72ruz2tdg1","75","high",1.16598079561633,0.5,-0.0205761316907834,"value_alt"
"708","ssbsk72ruz2tdg1","75","low",0.0617283950617287,0.5,-0.00111111104705996,"value_alt"
"709","swmufx7egboodpe","25","high",9.99999999994689,0.166666666666667,0.00305555679668013,"value_alt"
"710","swmufx7egboodpe","25","low",9.2605293898889,0.166666666666667,0.0113888894273504,"value_alt"
"711","swmufx7egboodpe","50","high",9.99999999999804,0.166666666666667,0.0194444393819526,"value_alt"
"712","swmufx7egboodpe","50","low",8.25915826534638,0.166666666666667,0.00999999770275428,"value_alt"
"713","swmufx7egboodpe","75","high",9.99999999999994,0.166666666666667,-0.00472222122618826,"value_alt"
"714","swmufx7egboodpe","75","low",9.99999999999998,0.166666666666667,0.0024999966603092,"value_alt"
"715","t53tjn7r8ydtmtq","25","high",9.80002556946164,0.166666666666667,0.0736111094010827,"value_alt"
"716","t53tjn7r8ydtmtq","25","low",9.99999999998235,0.166666666666667,0.0400000017163926,"value_alt"
"717","t53tjn7r8ydtmtq","50","high",9.99999999999847,0.166666666666667,-0.0136111088473189,"value_alt"
"718","t53tjn7r8ydtmtq","50","low",1.11111111111112,0.5,0.0689427424669689,"value_alt"
"719","t53tjn7r8ydtmtq","75","high",2.46913580246892,0.5,0.141289437585777,"value_alt"
"720","t53tjn7r8ydtmtq","75","low",0.793070162086494,0.5,0.15864811149812,"value_alt"
"721","tk2emgkdo0xmkfn","25","high",4.60085642254494,0.166666666666667,0.0216666651521122,"value_alt"
"722","tk2emgkdo0xmkfn","25","low",3.15427900613692,0.166666666666667,-0.108611106523073,"value_alt"
"723","tk2emgkdo0xmkfn","50","high",3.17598401895668,0.166666666666667,-0.132222227410384,"value_alt"
"724","tk2emgkdo0xmkfn","50","low",3.75492488186109,0.388888888888889,-0.322777759266452,"value_alt"
"725","tk2emgkdo0xmkfn","75","high",4.23455839734899,0.388888888888889,-0.265833328190343,"value_alt"
"726","tk2emgkdo0xmkfn","75","low",4.45451865350364,0.388888888888889,-0.164166666587718,"value_alt"
"727","u22e26jm4cy25av","25","high",4.19363691681263,0.462962962962963,-0.0961111136965878,"value_alt"
"728","u22e26jm4cy25av","25","low",3.82142872417881,0.462962962962963,-0.0783333342668582,"value_alt"
"729","u22e26jm4cy25av","50","high",4.38226214979559,0.462962962962963,-0.0752777791264415,"value_alt"
"730","u22e26jm4cy25av","50","low",4.16451428738625,0.166666666666667,-0.0841666688413064,"value_alt"
"731","u22e26jm4cy25av","75","high",8.21026890758996,0.166666666666667,-0.143333333122272,"value_alt"
"732","u22e26jm4cy25av","75","low",5.76727244713861,0.462962962962963,-0.109166673422892,"value_alt"
"733","u556z6wn629kwu5","25","high",1.10145811077202,0.5,0.160493827161762,"value_alt"
"734","u556z6wn629kwu5","25","low",1.09739368998694,0.5,0.000762078950986789,"value_alt"
"735","u556z6wn629kwu5","50","high",1.25494645702786,0.5,0.0864197530862889,"value_alt"
"736","u556z6wn629kwu5","50","low",1.1705868148363,0.5,0.0370370370370372,"value_alt"
"737","u556z6wn629kwu5","75","high",1.71010516689463,0.5,-0.0480109739365161,"value_alt"
"738","u556z6wn629kwu5","75","low",1.03287100535114,0.5,-0.03581771070421,"value_alt"
"739","u5kwzdtotz39jwp","25","high",2.60918897866256,0.5,1.05827954794968e-05,"value_alt"
"740","u5kwzdtotz39jwp","25","low",1.358024691358,0.5,-0.00531482130537286,"value_alt"
"741","u5kwzdtotz39jwp","50","high",1.41746684956627,0.5,0.0178326474595627,"value_alt"
"742","u5kwzdtotz39jwp","50","low",1.20781255434784,0.5,0.0635573845450248,"value_alt"
"743","u5kwzdtotz39jwp","75","high",1.79698216735183,0.5,-0.111111111111107,"value_alt"
"744","u5kwzdtotz39jwp","75","low",1.85185185185178,0.5,-0.0864197530864187,"value_alt"
"745","uaf4fed1xj02ps4","25","high",1.99980596534738,0.166666666666667,-0.0652777762613375,"value_alt"
"746","uaf4fed1xj02ps4","25","low",1.1578793010093,0.166666666666667,0.0474999968316077,"value_alt"
"747","uaf4fed1xj02ps4","50","high",2.10337829115463,0.166666666666667,-0.0941666682648441,"value_alt"
"748","uaf4fed1xj02ps4","50","low",1.75424538243482,0.166666666666667,0.0211111085557478,"value_alt"
"749","uaf4fed1xj02ps4","75","high",2.84335670486441,0.166666666666667,-0.17388888794676,"value_alt"
"750","uaf4fed1xj02ps4","75","low",2.05363784550211,0.166666666666667,-0.177777778810248,"value_alt"
"751","ug2w7q3f6pgxf6e","25","high",1.37717193630407,0.166666666666667,0.0647222248485675,"value_alt"
"752","ug2w7q3f6pgxf6e","25","low",0.558934451020564,0.166666666666667,0.235000013146518,"value_alt"
"753","ug2w7q3f6pgxf6e","50","high",1.52501538161174,0.166666666666667,0.142499988965239,"value_alt"
"754","ug2w7q3f6pgxf6e","50","low",1.52239386624467,0.166666666666667,0.00972222715871851,"value_alt"
"755","ug2w7q3f6pgxf6e","75","high",2.96563606629488,0.166666666666667,-0.0961111119758046,"value_alt"
"756","ug2w7q3f6pgxf6e","75","low",2.69399229338815,0.166666666666667,-0.077777786295645,"value_alt"
"757","unp160hltucmgwb","25","high",1.96838101404596,0.166666666666667,0.00222222120186144,"value_alt"
"758","unp160hltucmgwb","25","low",1.42497577526594,0.166666666666667,0.0363889014655756,"value_alt"
"759","unp160hltucmgwb","50","high",4.76350836037826,0.166666666666667,-0.0286111145763384,"value_alt"
"760","unp160hltucmgwb","50","low",4.44444444444452,0.5,-0.213315274990911,"value_alt"
"761","unp160hltucmgwb","75","high",4.44444444444452,0.5,-0.147549331720817,"value_alt"
"762","unp160hltucmgwb","75","low",4.97301459158641,0.166666666666667,0.0280555579162416,"value_alt"
"763","v2rgepeoz23lhyb","25","high",1.84084501271561,0.166666666666667,0.0669444459866093,"value_alt"
"764","v2rgepeoz23lhyb","25","low",0.530354203853168,0.166666666666667,0.198888887365996,"value_alt"
"765","v2rgepeoz23lhyb","50","high",5.39162936475465,0.462962962962963,-0.0658333431611564,"value_alt"
"766","v2rgepeoz23lhyb","50","low",2.29227903586689,0.166666666666667,-0.0280555579587304,"value_alt"
"767","v2rgepeoz23lhyb","75","high",3.67277108998401,0.388888888888889,-0.272499996767079,"value_alt"
"768","v2rgepeoz23lhyb","75","low",2.97217774409891,0.166666666666667,-0.226944440204865,"value_alt"
"769","vnoz56ecccya7hk","25","high",1.9753086419753,0.5,-0.0103358414929678,"value_alt"
"770","vnoz56ecccya7hk","25","low",1.81069958847754,0.5,0.0524253868239259,"value_alt"
"771","vnoz56ecccya7hk","50","high",2.2222222222222,0.5,-0.0617283950617222,"value_alt"
"772","vnoz56ecccya7hk","50","low",2.96296296296297,0.5,-0.189757658893593,"value_alt"
"773","vnoz56ecccya7hk","75","high",2.51028806584364,0.5,-0.0717991272891845,"value_alt"
"774","vnoz56ecccya7hk","75","low",1.75741294376723,0.5,-0.0791037951535712,"value_alt"
"775","wey1upork0e0epr","25","high",0.740740740740959,0.5,0.00853516501783802,"value_alt"
"776","wey1upork0e0epr","25","low",0.0617283950617287,0.5,-0.00333333945045544,"value_alt"
"777","wey1upork0e0epr","50","high",0.542681752818138,0.5,-0.0157025900371842,"value_alt"
"778","wey1upork0e0epr","50","low",0.572474774874976,0.5,-0.00212315813519859,"value_alt"
"779","wey1upork0e0epr","75","high",4.07407407407415,0.5,-0.271363929074321,"value_alt"
"780","wey1upork0e0epr","75","low",0.370370370370363,0.5,-0.0258598790808067,"value_alt"
"781","wf4mq2s0e98ce4z","25","high",1.86091467919241,0.166666666666667,0.00499999713059429,"value_alt"
"782","wf4mq2s0e98ce4z","25","low",2.40588820534845,0.166666666666667,-0.0269444448438979,"value_alt"
"783","wf4mq2s0e98ce4z","50","high",5.24937648560967,0.166666666666667,-0.0294444416954932,"value_alt"
"784","wf4mq2s0e98ce4z","50","low",2.23934817500063,0.166666666666667,-0.0200000005678587,"value_alt"
"785","wf4mq2s0e98ce4z","75","high",2.82070005595393,0.166666666666667,-0.215833334492977,"value_alt"
"786","wf4mq2s0e98ce4z","75","low",5.0120150847262,0.166666666666667,-0.0372222217016853,"value_alt"
"787","ws44qtt9xen2xsl","25","high",2.83950617283973,0.5,0.00372569032655279,"value_alt"
"788","ws44qtt9xen2xsl","25","low",2.5102880658434,0.5,-0.00213435800516149,"value_alt"
"789","ws44qtt9xen2xsl","50","high",1.358024691358,0.5,0.0453691002426357,"value_alt"
"790","ws44qtt9xen2xsl","50","low",2.59411675049688,0.5,-0.190672153635151,"value_alt"
"791","ws44qtt9xen2xsl","75","high",1.30908228758722,0.5,0.102880658436257,"value_alt"
"792","ws44qtt9xen2xsl","75","low",1.58166193410293,0.5,-0.00823832755238929,"value_alt"
"793","wwv18727elhq22u","25","high",9.9862825788719,0.5,-0.00132978447812959,"value_alt"
"794","wwv18727elhq22u","25","low",7.59764778890028,0.166666666666667,-0.000555556575119631,"value_alt"
"795","wwv18727elhq22u","50","high",9.91769547325038,0.5,0.00450347884944291,"value_alt"
"796","wwv18727elhq22u","50","low",9.99999999999978,0.5,-0.000248722003716284,"value_alt"
"797","wwv18727elhq22u","75","high",9.99991532456096,0.5,0.0203221053701166,"value_alt"
"798","wwv18727elhq22u","75","low",9.99999999999998,0.166666666666667,-0.00166666972617457,"value_alt"
"799","x0nfe7hwu2yt5az","25","high",0.493827160493658,0.5,-0.00320073158753165,"value_alt"
"800","x0nfe7hwu2yt5az","25","low",0.48134641892933,0.5,0.0143007408160081,"value_alt"
"801","x0nfe7hwu2yt5az","50","high",0.596328347893746,0.5,-0.000152415791456084,"value_alt"
"802","x0nfe7hwu2yt5az","50","low",0.0617283950617287,0.5,0.0013888888566238,"value_alt"
"803","x0nfe7hwu2yt5az","75","high",2.04389574759491,0.5,-0.247065995960474,"value_alt"
"804","x0nfe7hwu2yt5az","75","low",0.0617283950617287,0.5,-0.000555551412770083,"value_alt"
"805","x0ztn8ulz4wsjnf","25","high",3.53732591308561,0.166666666666667,0.0325000037190428,"value_alt"
"806","x0ztn8ulz4wsjnf","25","low",2.46041472553898,0.166666666666667,-0.0361111102769502,"value_alt"
"807","x0ztn8ulz4wsjnf","50","high",4.32919544171184,0.166666666666667,-0.0644444439869144,"value_alt"
"808","x0ztn8ulz4wsjnf","50","low",3.92459706745143,0.166666666666667,0.00222222164799035,"value_alt"
"809","x0ztn8ulz4wsjnf","75","high",5.46016722156375,0.166666666666667,-0.0291666659883214,"value_alt"
"810","x0ztn8ulz4wsjnf","75","low",5.4482104455761,0.166666666666667,-0.0569444430578595,"value_alt"
"811","x31a150jh7x0sc3","25","high",1.71010516689332,0.5,0.0461819844542444,"value_alt"
"812","x31a150jh7x0sc3","25","low",0.0617283950617287,0.166666666666667,0.25722227593886,"value_alt"
"813","x31a150jh7x0sc3","50","high",0.763311059392342,0.166666666666667,0.15111111310722,"value_alt"
"814","x31a150jh7x0sc3","50","low",3.33333333333399,0.5,-0.38271604938276,"value_alt"
"815","x31a150jh7x0sc3","75","high",1.36163951050095,0.166666666666667,0.00638888770800161,"value_alt"
"816","x31a150jh7x0sc3","75","low",3.97605862994048,0.166666666666667,-0.521944392511662,"value_alt"
"817","x6cu75oy88jq32r","25","high",2.59259259259261,0.5,0.0241756963445035,"value_alt"
"818","x6cu75oy88jq32r","25","low",2.46079327776596,0.166666666666667,-0.0502777751184784,"value_alt"
"819","x6cu75oy88jq32r","50","high",2.56723328303085,0.166666666666667,0.0383333417350571,"value_alt"
"820","x6cu75oy88jq32r","50","low",3.71982723144,0.388888888888889,-0.308888893070392,"value_alt"
"821","x6cu75oy88jq32r","75","high",3.70534506080387,0.166666666666667,-0.393611116766035,"value_alt"
"822","x6cu75oy88jq32r","75","low",3.74801939136494,0.166666666666667,-0.401666655461978,"value_alt"
"823","y71fvh7ol8vycb2","25","high",4.48801257127111,0.166666666666667,-0.0166666663644675,"value_alt"
"824","y71fvh7ol8vycb2","25","low",3.79973438885417,0.166666666666667,-0.00111111142945619,"value_alt"
"825","y71fvh7ol8vycb2","50","high",6.2962962963022,0.166666666666667,0.00333333256050294,"value_alt"
"826","y71fvh7ol8vycb2","50","low",6.15305920229738,0.166666666666667,-0.000555551412770083,"value_alt"
"827","y71fvh7ol8vycb2","75","high",9.99999999999998,0.166666666666667,-0.00555555716540923,"value_alt"
"828","y71fvh7ol8vycb2","75","low",3.95061728395059,0.5,-0.00746837372340592,"value_alt"
"829","zdzld8scpb2ydmo","25","high",1.29474604271639,0.5,0.179048687400307,"value_alt"
"830","zdzld8scpb2ydmo","25","low",0.931128757889993,0.5,0.0249692266533692,"value_alt"
"831","zdzld8scpb2ydmo","50","high",1.24218869074769,0.5,0.00994173287516276,"value_alt"
"832","zdzld8scpb2ydmo","50","low",0.900777320528439,0.5,0.000765842314031984,"value_alt"
"833","zdzld8scpb2ydmo","75","high",1.85185185185176,0.5,-0.10836762688614,"value_alt"
"834","zdzld8scpb2ydmo","75","low",1.16902911141791,0.5,-0.0374549086049074,"value_alt"
"835","zqr31esvemh6qkz","25","high",9.10118970243724,0.166666666666667,0.320555560562238,"value_alt"
"836","zqr31esvemh6qkz","25","low",6.66666666666601,0.388888888888889,0.404722208103715,"value_alt"
"837","zqr31esvemh6qkz","50","high",1.11111111111111,0.5,0.00410017291546616,"value_alt"
"838","zqr31esvemh6qkz","50","low",3.33333333333331,0.5,-0.102880658436209,"value_alt"
"839","zqr31esvemh6qkz","75","high",2.92181066087086,0.5,-0.272355719420921,"value_alt"
"840","zqr31esvemh6qkz","75","low",2.81816796225404,0.5,-0.120915899779828,"value_alt"
